Time,V1,V2,V3,V4,V5,V6,V7,V8,V9,V10,Amount
15795,-0.2176812032272203,-0.18687164416135904,-0.025026958745143917,-0.4830610516834395,-0.3206676255571917,-0.11676591579524663,-1.1818741254208012,-0.9938626748348534,0.04435879751560705,0.7564883543160984,231.9375751019985
860,1.09877685198719,-0.4397310582741749,0.8177662992002871,0.14679301198554937,1.7952113559123222,-0.6355578414044034,0.44947391283230687,0.4201915428949916,-1.745707432859652,-1.9140600705874673,21.779728991660853
76820,0.8254163489880298,1.4469778843537329,1.3902075490173134,1.6122206282554243,0.23007075919140207,1.7388513518533313,2.0860470495371137,-0.856498237409199,0.49470565377503245,0.6594512411136115,273.6743469038739
54886,0.8135096360006385,0.19655477651157463,0.5578103063518622,0.8968393158655319,0.49774308909139425,-0.3212427661179117,-1.0147594931858521,0.0976703767483354,0.38343503140364416,-0.803948414727481,93.70569003922715
6265,1.305478807154329,1.0318445394686349,0.010352619843380607,-0.2685306479058323,0.6659242520544614,1.8325570434792018,-0.36146276669398575,-1.2644984069549656,-0.40930847409572124,0.30734561670797006,145.9747988262397
82386,0.02100384163275905,-1.485560373036972,-1.3118362323501596,-0.8911922254152874,0.4215866106144557,0.8141517621182666,0.41644603810145264,-1.7931064525345768,1.0059245117964166,-0.24775241823970925,24.089288349974147
37194,0.6819529712949639,0.26705026586925884,-1.0651136630753726,-2.151815401329305,0.8389405004696122,0.48206672733538614,-0.05390484900573916,-0.3828171896129687,-1.1274960989530387,1.3204140097838342,71.72830477422866
44131,-0.31026675659345604,0.889630795623437,-0.30522470435466764,-0.7191533192424201,-0.6172531865469232,0.3687331473175197,-0.9823035803773146,-0.12372894627483615,1.127908993253569,-0.8744356483399182,24.097310956750157
60263,0.3241663524884421,0.08228398927542419,-0.6095122021592831,-0.21113023882769444,-0.5583017539460305,0.39379729821625153,1.1218578562304709,-0.39767969361460404,0.15449366559525113,0.6276062975618311,498.73500134314116
16023,-0.13014305436768459,1.0654803750653512,-0.186971302985446,-0.987179527151184,-1.100154232971695,-1.92767257934561,2.3200407220172594,-1.1840305582225594,-0.3365525898781734,-0.2795074632965335,256.9632558783087
41090,0.09699596499271819,-0.5172884501003722,0.056649924897107164,-0.13125696709230472,0.4395012306202264,-0.2788833941507565,0.19613145902390733,-0.3998990621311371,-0.01987363536831157,-0.15830547800966377,102.32594290771415
67221,0.5951570254369136,1.40934744018558,0.5296927543567308,0.07685188295876821,0.7789365035121141,0.8451579711843216,-0.9040682897360003,0.269294752580734,-0.10726476581094174,-0.18385389315920966,47.96360648845805
64820,-0.8182206832334725,2.2988981236192503,-0.07049877805909122,-0.22485598180807856,0.4577728661518858,-0.04889718347410554,-1.548960525053475,-0.04489303012253698,1.220282896417717,-0.8456731044941129,416.4817675118701
769,2.0923872756854602,-0.36283856043965906,0.4865016438262019,-0.6500025808234597,1.6744924333475373,-1.405189846803575,0.2579759812211809,0.1825010305992134,-1.0766791274710135,-0.014098965906671578,73.37565228093041
59735,-1.006017381499702,-0.4455025214007718,0.06447441481012024,0.16865467196672768,-0.005596018829046555,-0.05240445057746945,1.1038773433162576,-0.6701152004542329,-0.7625192391465982,-0.0626482221218215,36.328902533702234
62955,-1.2141886127877322,1.453384477117701,-1.9754665663538713,0.44194064956940904,0.6687416555925126,1.7041055162554912,0.4751677464953816,1.1717179147161596,1.0363028920724797,0.2412402484067293,134.2297494414902
64925,1.1581108735000678,1.5795721457307124,-0.9393353938187543,-1.090399077442846,-1.0917008761393143,1.2468917155347194,-0.002403840918853844,-1.1761733365547806,-0.5955349351838592,0.08450514569286258,441.7567203986967
67969,0.7916626939629359,-0.5228600271532683,-0.14408755572161547,1.41093237974627,-0.387099702474401,-0.062004009366031745,-0.5892716517893062,0.4875602970867186,0.9005330773315916,0.7979945496122363,10.575646727277132
5311,0.6241198170521551,-0.42018681709585726,-1.2096947428411076,-0.09858813228426173,0.6955377575657775,0.9514492770580866,-1.0921636327180897,1.1818910929599615,1.6994359830087096,0.9235086160473687,50.795885951418846
83104,0.6283455092642799,-0.2817846088605072,0.5999287299962045,0.018849622944847662,0.849102110743144,-0.36650702036805183,0.8347513263248821,0.4809080927488954,-0.40179502694163366,-1.0506233218278012,428.1800636415455
53707,-0.012246772846914623,-1.344450511034277,1.5307508323436974,0.7082144232565571,-0.29396694766418224,-1.703871586826719,0.9137716213855857,-0.20252422706483003,0.6813623265753054,0.868772500590771,38.14582430347302
85305,-0.8972543714858315,-0.9186519464841982,1.2187618516973167,0.23321613126350166,-0.07159925185806683,-0.9244659881295544,-1.5457297866907331,-0.5282970466629792,-1.1536922813398585,-1.1863364271098544,28.027720102164484
28693,0.07580455819372633,-1.0041407667520679,-0.213442870930208,0.9531366339132451,-1.5178737466808094,1.5628887685081978,1.5898389781806839,1.036087651046256,0.7547332980678092,0.587855888137735,136.66083260249368
71932,-0.6771617115121117,-0.7677975651041284,1.490726136849952,0.2871241652018242,-0.3570292008066094,-0.2739930818293042,0.5740712208940013,-1.422974925261673,0.1994239859867671,0.6197387847028687,306.9055777715554
25658,0.9751197334177512,-0.03468488738678118,0.14866745720211155,-0.6124373746404379,0.8903831635197862,-0.24338397937501807,1.3995946451457935,-0.9701242603796436,0.4730382821602152,-1.911316891662504,107.25757201533726
84478,-0.14705738150213865,0.23421473253652075,-0.33708597111803934,0.36150352520610163,0.5752050161065663,-0.29983819627488056,-1.342127748485115,-0.3975577654917214,-0.645572072035395,0.09297924652940966,792.2138504775286
18431,-0.8254971967925115,1.5505004928140769,-0.6134026635409398,-1.1437262073206618,0.5006657213812097,1.904136589573007,-1.365824155415439,1.2376537575119981,-1.6610834155671725,-0.4684961133603157,180.52737827245204
2747,-0.32138584165299344,-0.998354040738791,-0.30246968648812833,0.10855970577652314,0.04977368718096008,1.6259589153620633,-0.14896930976729691,0.37976763604089603,0.5032520647495048,-0.758765257935375,21.544291138572504
59150,0.41293145427562433,0.9843223984765838,-0.38817681854122876,-0.0332299906444608,0.007063158628176452,2.218780233448134,0.5027844268951942,-0.9680457585102453,-2.0634031524794545,1.3508523306990055,750.7220461434324
65725,-0.5637245528039747,-0.21398884422550896,0.1704162223754877,-0.2081168572725397,-0.6603211394734471,-0.1590452104000513,1.7963608229269636,-0.31030770538490365,-0.3173504922425348,-0.6536791406374189,88.61050089510343
84654,-0.8222203955664315,-0.04946370965243295,0.1605739810498646,-0.12853751143893075,0.6988284202025348,0.29562448874709507,0.7060789138151315,-0.6143231440962944,0.9411818664199697,-0.8063769291180498,60.82578723880427
35773,0.2436872114919123,0.6748194921666038,0.0030460201534144695,-1.881849045497639,0.4209729443893898,-1.5166425494207911,-0.24268127681203333,-0.7097889922335351,0.19189773587303607,0.07569494000509344,132.42581409003589
67435,0.24496657110872277,-1.1227220215622986,0.43693816974634986,-0.5487249077409615,0.49201884799279927,1.4769344261182744,-1.0263692076658921,0.9788895585567792,1.9483426447898131,0.6855897462984164,64.42714879065124
56886,-0.5069431753711298,0.3824097461840506,1.1906462747863413,0.09284490114111471,-0.5260348426675804,-1.167779551267935,1.23000057271915,-1.3717431292635056,1.0251091525817735,-0.1416485860101269,23.563808152514962
66803,-0.4710383056183228,0.1664522082130561,0.9495541354413237,0.15985639199740037,-2.1533429198712444,0.2167755637626291,-0.9647054257507148,1.6087808557343735,-0.6538983883255765,1.1663705456692521,10.214404620031862
31551,0.2320499373576363,0.4924512640081491,-1.4848979684499035,-1.0276751409259581,1.0971527117536957,-1.097302527632844,1.6284685547723217,0.8282296901846228,0.02731337985143867,0.5309756619640905,99.56196210990275
11394,-1.4480843414973241,0.2891686439078181,-2.553921134901955,1.2657078408647007,-0.47883745600840416,-0.5888668267386961,-0.28438464960650933,1.090861670603698,-0.04737070254443595,-2.1782113197314303,281.9751292851454
69092,-1.4074637743765552,2.4553001399108942,0.9343199112392737,-0.8661748482145009,-0.8627757640431206,-0.8372624310497003,1.5905820726178503,-0.4629395120252583,-1.5821767633461272,-0.5294669635070083,137.40531545659326
3890,-0.718444221252436,-0.637739984251316,-1.366878698415421,0.9694572005267368,0.6934789119139937,-0.6078752606758179,0.6789312900592783,-0.14994071907910936,-0.9403989164843533,-0.561842099351699,1081.0096577891127
41606,-0.21344715171184725,-0.5309969550018176,-0.22476540189268354,0.42719436187168486,-0.3920126399191296,-0.5391227031489786,-0.13699548944245826,-1.433151814524712,-0.5607609069798603,0.4793609534294223,60.70881976767507
80038,0.3109075655980046,-0.6231405264247644,-1.1701130260593595,-0.646227309843803,1.0599363840466218,-0.5482687949250771,-0.5193963718261266,-0.524662407066803,-2.0362205028559366,-2.624817056374112,59.37044517684028
10627,1.475356216949552,-0.5554771191602547,-1.8019804375800197,1.775310892609512,0.6170059495766975,0.8333339117803071,-0.3409078773460798,0.4936548476431509,0.047493468251642953,2.549009708717722,36.10827549845159
8792,0.8576596232020194,-0.6373871273065177,0.541462728204788,-1.19363683175648,0.6835693232004776,-1.10486279306252,0.4283166923752375,1.2960630617813962,-0.24907184465304072,0.53102609489421,36.880409696301854
73969,-0.1599385299634271,1.1890165311075518,0.7591551603026468,0.9191541736100015,-1.3659557112005343,0.22054142701386686,0.07715649621771674,-1.1071568168024517,-1.6728939013115742,0.1488768039176911,60.36006156823749
43001,-0.01901620790268883,1.4205042479898549,-0.5765104007267194,1.0005823180429783,1.2119439853864005,1.2179591523055584,-0.5938114080687051,-0.36550593698526584,0.4042128652773321,1.1815677164191463,246.13960839553584
76552,-1.0025293646378088,-0.5707462937494763,-2.59104229214491,-0.6706202090766449,0.26125053123385605,-0.513196364513396,-0.16563141031763223,-0.15129922023252232,0.7158727446909595,2.343654052812625,364.2814756664148
23897,-0.01851313599238993,-0.8323555731042287,-0.5462444482524828,1.3924653000643288,-0.36927713924620315,-0.7179188907476018,0.0785770297191498,-1.3957892021924851,0.2270344788648889,0.8707466445884032,563.855850315254
68148,-0.2886586389201383,0.4714155563864041,0.3918040054025465,-0.2500465145989528,0.14338846734225108,-0.23052462518025083,-2.128734094414812,0.5913492417584003,-0.3240681752089702,0.94881309647162,49.65141561193886
23483,0.3227185603380895,-0.5522230442809712,-1.4789115687741288,0.28869362927985703,-1.77623523289832,1.1797252083607102,0.4581681147886987,-0.7239903317426091,0.5914421517518549,0.13069002446438233,329.6702950541764
48555,-0.827230943552323,0.6329318177555108,0.18335991977915564,0.2603218387712207,0.40865281148067084,0.1941076309533577,-0.9797212247168068,-0.19539035117702397,0.6802203604766911,-0.14152575336694828,69.68149114946704
17159,0.5193465142411723,0.2029230208512997,-0.015309849172995557,-0.1343087414705478,-1.0293715081820716,-0.5312142946075985,-1.153332403205745,-0.4519493719118777,0.3074035697196884,-0.47579544400490115,27.959581510090647
80077,1.5327389130025777,-1.515744114997232,0.5792914996010884,0.8108082731597821,-1.3526702858435344,0.48387665118803974,-1.6873443471107104,-0.7893385057196743,-0.8246122504347609,-0.8261119917145421,316.06188725207807
35920,-0.1087601484568576,1.5475052013300616,0.11958036841415326,0.793488720552213,-1.5223591862178911,-1.1022921498364233,-1.7938924978678903,-0.0070449854805546995,0.2766007655111807,-0.6870140996994973,161.63374877918815
67121,0.40171172209894146,1.7958776730955217,-0.9730689408815555,-1.7485319732381808,1.1126883749899252,0.681359510442948,-1.3554475031122892,-0.21560957856802238,1.195480650825479,-1.3505559643429832,37.00019888648958
69479,0.6901439917111125,-0.6127886904843862,1.1965715016644913,1.3043402428781525,-0.6292633936927887,0.4086073077017676,-0.7090209576304904,-0.37185788227866556,-0.5966290586117302,-0.07587145068502332,94.27343837705507
19457,-0.40122047188583626,-0.38770155993598415,-0.15852957302697002,-1.6624919880356743,1.5337277099164992,-0.3078084711388841,1.9532591375265682,-0.7284616216803428,2.0979393391324312,-1.6846675772263868,60.79530209305191
66557,0.22409248181041677,0.28586539072490497,-0.02730453950993186,1.0325462043416573,-0.5358014630522978,-0.838585798447231,-0.5258796758952039,0.31952467078295543,-0.5256309339853844,0.1909165241437107,210.2230666216496
77189,0.01259240078179486,0.334456789987025,-0.933267959073196,1.1267051368275833,-1.7073579575929467,-0.8866809222834573,0.17775010626803134,1.653617268492285,0.032407013340136216,-0.03633060804234174,100.61015495748644
78953,0.09767609854883172,0.6585442726728304,-0.4432822511915103,-1.0909664302151982,-1.1165244399486591,0.5348173363459102,0.4004813865063287,0.13988723283912738,-0.6724855960063362,0.14693529838668778,690.3458504019319
52995,-0.7730097838554665,2.0102045387663496,-0.8848027140269009,-0.4108142879545848,1.2358116200069387,1.2289805024890619,0.13106518621584873,0.996118214911129,0.22327083592026087,-0.5221315700199924,18.44507917769645
40757,0.024510174258942714,-0.1769472274940494,-0.172946059923423,-1.1057046684859357,-0.15589817793666752,-0.6373077470287948,-0.07744346072599365,-1.3902219251534627,-1.7422216926352752,3.0768603701805035,75.77929463421334
9692,0.49799829124544975,-0.7982972445384537,1.7117084801423434,-0.21492103028873533,-0.5482872964906009,0.45838670355148425,-1.1952937635992447,0.15776143929376948,-0.5460417988167212,1.360115900180313,108.638099155797
45758,1.4511436077950417,-1.3793192280145272,-1.3719011429313563,-0.30803428418574125,0.1600182258527877,-2.0870270186020687,1.4509275482792119,-1.0973683189710666,-1.0921212003485672,-1.2445425000847228,114.91510162379402
72409,0.9592708260852069,-0.7309300399419191,-1.6135613978767411,0.7796605322693398,0.501782736167545,-0.5846177306571996,1.8071966436378852,-1.4769249275319014,0.1353383478922909,0.23286808742689824,66.95553082592099
71211,2.1531824575115563,-0.033126972873797095,1.4711703274936085,1.3103087461196083,1.1173988159024608,-0.031058932870901952,-1.6826586941226858,-0.7393714074590363,0.9944473755089074,-0.6080061429373236,205.9785069004189
65697,-0.7673475628880495,1.7945578635177877,-0.20932367715186612,1.395683810789956,1.4484992298929262,-0.9096834169818336,-1.0240285908863795,1.1918993344135729,0.6460061871145515,-1.014479726707414,321.61302608989627
37065,0.8723206367206782,-0.5176112990361714,-0.6690727386599166,-0.5621680265783021,-0.35976864578908574,-0.936506374789596,-0.2798103423770061,0.9500158286696456,-2.3716593608588923,-1.340072071123935,428.84355443710086
32606,0.18334200573835174,0.2237879516388985,1.0399046873960764,-0.20922187374452778,-1.3260476860820383,-0.6677795564688862,-0.9645377949101913,0.24300472205439969,2.0420696529278803,0.43221669075925395,255.28520357326428
11534,2.1898029332176723,-0.016422896072752075,-0.6056155397368641,-1.6834381922209503,-0.413465161123276,0.29219272832637316,0.5059655534558652,-1.5327005598899308,0.2952799406208684,-0.6813802350695739,295.14932003778273
40397,-0.8082982853551515,1.188393273448084,1.8260097135469362,-0.8058700664961888,0.26028050658288615,-0.1873290184063747,-0.7282722024066131,-0.1962806513879368,-0.7764991404930003,0.9678260240252041,129.958031525702
1016,-0.8397218421807761,2.5269324258736217,0.6779258713392691,0.9648516330974576,-0.9637589262106109,-2.238231233324972,2.1650560678066024,0.30170000890173554,0.15712791899094083,0.993782214530439,272.2086713718877
55591,-0.5993926454440222,-0.5308687729203206,-0.48791140814570266,1.6155828235482317,-0.9571509148950429,-2.120700152635066,1.190548594343596,0.1755362295785979,0.17618982250269238,1.3739143852114495,64.25396475068516
23247,-2.123895724309807,-0.48943944251822213,2.1573082132655035,-1.234348871879922,0.34378788154988543,-0.6068651778571754,0.2125740306322149,-1.8437935834807457,-0.6668487169515637,-0.8523867660741036,86.24401539649246
24300,-0.525755021680761,1.044160877069072,-0.6057149230033384,-0.5924642591528942,-0.04865235157045115,0.45768658605355206,1.0269862633197322,-0.8903178480198718,0.1979166673420755,0.4753656106920102,67.16996028153578
74065,-0.759132661553698,0.6818914896263114,0.742095372009307,-0.02640575695892703,0.03279699541158651,-2.7475048427252347,1.105900424357309,-0.06407776414871663,-0.6074722876203072,0.6324542166423008,104.49412407311799
82798,0.15039378647620763,1.8467073257360336,0.2992925804064919,0.2801611588196068,-0.7584953347000695,-0.4997301761516306,-0.5639474880582432,0.5362909095171899,-0.40436199269002276,-0.47417817510396487,60.44255756893308
9268,0.34175597577715944,0.5839281853259639,1.301741289398798,-0.8096035199216461,-0.23040071420576733,-0.5262478565174211,-0.8162172445419648,-2.1961278210999464,-0.6862791357550845,-0.7717719573928751,498.99937587522385
12185,1.8761708392158862,-0.35929209078705954,1.5615111967268527,0.4240610444640897,-0.9242331442683044,1.3883377782084478,0.07814306296964744,-0.16212397547985843,-1.4326712897396527,1.6095206657759729,66.27922783328981
63704,0.9504238381860503,0.5906548306923093,0.032004149065766624,-0.47383934707091613,0.8901984111247868,-0.38502181171286365,0.861636124497944,0.14304876987895235,0.1458364702153839,0.22749587573205374,25.478520580259037
39099,-0.5769036556624031,1.1087035805829077,-0.7534178703461835,-0.014452270878279104,1.0352493347237526,0.38298898474092846,0.13906039865341766,0.8496119885162131,0.5852994365163381,0.635967750711738,122.2410136087515
8571,-0.898414671348358,0.820482181197364,0.4599721429391164,0.5462842480036996,-1.8461878622380938,0.14125714008746323,-1.5769964821909972,0.6928575842374367,0.5148835960763722,-0.8220760118279274,18.819110372316622
38044,0.4919191715065057,0.5072740311072977,-0.6777153697521061,0.0064222698109378164,-0.92951086019241,-2.1305664798072006,-0.8028244439508423,0.5825713188088052,0.8199252526352343,-1.2192844665221938,27.57164526811795
51214,-1.3202332070206422,1.066674689589154,2.013387247526623,-0.4363858905265686,-1.496529255090079,0.7682072166317373,-0.07397286359437803,-0.7999405067019342,0.3243402100148682,-0.5694497744921104,47.151824678456876
61228,1.8314587658543537,1.1692955904456728,0.13653533108273744,-0.10960980392583083,-0.6500239344068982,0.21539650545628794,-0.07566560432583026,-1.9080021371233076,-0.5327254982169035,-0.12402138738999703,103.64121741644853
48984,1.179440120721287,1.3821589910375272,-0.3653215513121087,-0.08836295920533532,-0.08343796979036086,0.5082686396745896,1.9725421767898081,-0.39305275706140097,0.8396638644311888,-1.0642200068173489,95.17579519077464
40774,-0.4691756521047048,0.6487098875896427,0.1846803058649084,-0.3700110298821277,-1.44964521969853,3.9262377064363267,-1.385987942398998,1.00163182520856,-1.357517539841935,-0.009844808650383004,251.1847612139832
2568,-1.7131345290908775,-0.16711808031685435,-1.3471262895296965,-0.25879606266710237,-0.9218598131253132,-2.0841129394985884,0.5055892418358746,1.3934545275244314,-0.9006713825124801,-1.6885051880685,211.75826868582897
62592,1.3538723741654128,0.14671368643332283,-0.9716140385106515,1.598647170504717,-1.0039573720814985,1.7246966497611085,1.4891131083282896,0.7105491022977853,-0.9642000714232447,-1.1200474224698722,93.3520833419105
67563,-0.11453984525261789,1.2065089665083568,1.2004139079444254,0.5609194479412387,0.20726732939894396,-0.28744751940035557,2.271449745422796,0.42934082280173436,1.0800560591393102,0.6709112482768751,70.90323614052838
2695,1.2378163119734618,-0.8169356709872361,-0.6568942789713957,-0.29548031802916036,0.06934433703625043,0.2873289044030093,-0.40439742318396127,0.3796396483859655,0.9427885141400756,0.6037905202778941,67.0724429708481
48190,-1.594427658794367,0.3686733088729012,-1.0469109826819396,0.6969544045107356,-0.7217375533372533,-0.04551224530124217,0.4914294527201998,-0.5561187467607805,0.48730523704499484,-0.3918767653868664,233.0797813463473
5258,-0.5993750229537729,-0.3933388123273607,0.5366527525272862,-0.33381948975600995,0.17682087213939798,-0.4242363333980435,0.5697603571986469,-0.13006029355362003,1.0719298652117972,-1.017764309076953,18.021573627188655
39504,0.005243699718183166,0.028744822934817487,1.185704154662997,1.1731246375866413,-0.5466800845872654,-0.5698329282387588,0.19548173155329082,1.669069525826331,-0.8792827824119881,-1.027403551526011,11.935683443330923
33159,0.046980593764742055,1.2784518626072987,0.7189533106650667,0.3696421921980939,-0.2716551103260533,0.32950873557300914,-0.09884520123930605,-0.9425580057918763,0.3485951198609804,-0.3732682459413141,248.11066037492427
13986,-0.45006547147924364,0.19109906801990334,0.9960476858058164,-0.10730214400422888,1.673452090298537,-1.5171736966716791,0.4359753895000459,1.6147787907098514,-0.12517442838316423,0.6445184916452914,107.26805975475791
61858,0.6228499323474987,0.04643654815614881,-0.7567950885694608,0.4477169258102776,1.340461051790348,0.7505791675217656,-2.5322460852196853,-0.3220281544920584,0.8468821038849139,0.9282456913443246,31.041307525016396
12666,-1.0676204293825944,-1.3598561409799192,-1.4218106667418438,-1.5708761520684993,-1.2995812369275976,-0.41619440488525394,0.6820694900626313,1.3254321090950785,-0.11522423255219759,-0.49653173548196905,50.29292540714763
38660,-0.1423794850212935,0.7462535660272207,1.5013336519554867,-1.1267674689098053,0.8297324178791745,-1.1300693390403578,0.12617790366196718,-1.4068150094975382,-0.3849428884100812,-1.1534924259847839,414.3529370836423
3561,0.12029563171189886,0.6454841811410754,-0.32267983884213575,-1.1939250063990554,0.8113965544915921,-0.4500128579958137,-0.22247489677826537,0.5859042011646491,0.54090851856099,0.2678436378663333,304.38534538862615
26854,0.514438834058749,2.16325472330546,-0.25083301645504735,0.14294309476370676,-1.1482632887526183,1.2571492168625729,2.046862195719558,-0.736770135947622,0.8761691671912328,-0.8235349706258495,195.57001366524747
64505,0.7116148780888898,-0.30777823495300083,1.328194141849058,1.732514999485092,0.8187776437548606,-0.5353350870162231,-0.6749340187905523,-1.4152671919241875,-0.6683451948468017,-0.5182526388612024,108.73224083198585
52251,-1.1246420918378692,0.21915032766393897,0.5562300094006599,2.2313001461926323,1.5379319184125528,0.35845361820962024,-0.4030759890650308,0.21853404241094568,-0.0610756713523761,1.3252760904370375,120.19654355524028
22662,-1.5341141707356223,0.24938368371075526,0.45588777208160763,0.6380511014407572,-1.1225448062444139,-0.7309562757154733,1.991553302204734,1.0094717885959688,-1.0584406336416528,0.827115428565768,564.8063526597532
8392,1.277676821898509,1.5774532797634744,2.165002344901084,0.5008444749444569,-0.9175028210142636,0.7579218499236196,-0.8320613048498566,-0.8449414385934964,-2.4980610174929394,0.1579743122514517,516.1998691332511
30535,0.33231401197959165,-0.0952955323869521,-0.643518230380143,-1.801057734152739,1.0176614668435024,0.6855077387902041,-0.5501152829365389,-1.4990159604584012,0.200459631413729,-1.2719190011127228,46.36215301471181
78603,-0.7484865365565536,0.27902152577033923,0.9278401280812372,-0.5426737997340217,0.271495310825648,1.8486088332964115,-0.14702542343084998,-0.09184476433495513,0.6089053562546319,0.2113965674706589,259.9842516853698
52256,1.551151975522523,0.6078965097165392,0.0570131248970845,-0.7877837519082389,0.5514762752395233,-0.1755639454992155,0.8407344821295493,-0.08743532877718108,0.2620668090867255,1.0626572907875265,42.95542152514404
35222,0.11567463429285867,0.1866091231563581,0.26859227886325693,-0.620847598251116,0.3405892164004968,0.6686548047579066,0.2078025073533134,0.5483196275544987,-1.9495617177543672,-0.3756336657655356,46.03153136390913
77373,1.1792971840638264,-0.44643361455052827,1.5284684264125317,-0.1681438185847896,0.39069592092814415,0.09806753953894455,-1.2926253471522626,0.9495945713644882,-0.35084943007647457,1.3511140899867151,179.09484203595485
79575,0.06751848141010895,0.19408999289830758,0.5078357562896237,-0.47209057769712737,-1.326472128311083,1.2958717818630143,-0.5321685631271895,-0.059415181272494094,-2.2183477600510813,1.292745289518207,87.87935797057591
84651,2.060747924881987,1.073631749859772,0.538296079049633,-1.9792998103757877,1.0473177066214483,-0.7188323876087304,-0.6073544332122114,1.855503314794263,1.3697011076541847,1.6637328321434735,412.2355034297356
63335,1.7553408424432044,-1.0265152994110602,1.0725073373098022,0.7479102561175338,1.1695899924277735,0.7450053128772811,-0.07722104522304557,0.22423474453529177,-1.086054582118086,0.30524312653135294,23.98346015865982
10965,-0.2489641484790735,0.132969674146876,-0.3649527295428853,-1.0727430257398065,-0.22939074406802776,-0.19469729611668168,0.4258436586298291,-0.3464265060068996,1.2554036094598964,0.5873916998060122,117.4702446609579
24538,0.9715709509543554,-0.7001208149391732,-0.8392096673390064,0.23924686411114954,-0.04347694981386243,-0.06418817710849775,0.4182057558879721,-1.611567359102828,0.9458696436841456,1.41418728833109,386.1124706278719
70592,0.6453759495851475,1.1950466289248425,-1.0448091940210336,2.0740826697499735,-1.5311075025557221,0.09175248444837286,-1.7760117540484022,-0.26265952031616774,-0.9005903525360617,0.4473939370689756,361.688762842115
8110,1.3686315575323487,-1.5231869047837747,-1.9663565893760018,-0.9193845915864234,0.5142547560178349,0.2522403964266774,1.063940987560856,-0.33638694541113623,-1.132784951267745,-0.5012341077902127,35.53450167478202
79309,-0.9649234605801045,-0.5589218472715883,2.056207129940322,-2.5302875227463297,0.5720574417141441,-0.11622904312195817,0.2525688459966235,0.9603047962814704,0.35037021638633825,-0.44854283652786137,78.50690002776997
27266,0.6860514599984393,0.37721187506452086,-1.1032083657216831,-0.2860042218801108,-0.062191016999311004,0.21471318317052634,1.3845320475939062,0.46248362406685406,-0.844324037183071,0.23855495377373917,154.791188488542
52992,1.0584244868495878,1.5655240292343404,-0.221253623585772,1.100959634998571,1.1243533598705027,1.5781180575621845,0.4441983272906719,-1.1793691216326172,0.10248464215820753,-1.2905614219462187,36.044990682754076
82948,-1.7587394864231143,-0.0657502610729878,-0.27681329988892067,1.9583474542205939,-0.3340772309799405,0.9854496856152184,1.1013229577357622,0.1722543864110375,-0.48282759080691834,-0.14325891536419263,526.4068739142331
6910,-1.183258512665775,-0.5551995266931984,0.30740669780910074,-1.2295495944524168,0.5646059258936003,0.8691545924968965,0.46654531145012695,0.6715311717290534,-1.7811584144656334,1.0965471182302537,379.32389330307547
206,-2.0392321777601006,1.8811570694405901,0.8157372125392968,0.4966992232365217,-1.0196643386921156,-0.4555395260238707,1.3462257562027482,1.5280313593878327,-2.230468019124459,-2.191253851165281,37.39927442822745
23419,-0.26940683444455776,-1.448013900416244,0.8604734883597454,-0.46531045678005334,-0.02355215087423812,-0.8892408282283243,0.5222506360177785,0.8875039674140593,0.22668424849459717,1.534482101794515,29.37208876624413
50636,0.7175422557959623,-2.198805956620082,-0.5830774385689385,-0.10594835430413566,-0.17435425790283585,0.9553005582377528,-0.09791524644290406,0.7608466543114778,-0.5615577463306254,1.1223742187031596,23.39166140267399
50015,1.502357052096028,0.4400144500533324,-0.1671217137864115,2.6443433470170348,0.22530792204094158,0.8760467925297942,2.2724347204468818,0.06008599461516361,-0.5530898169141323,-0.4597646158304763,370.26746876713537
54268,0.07409478041977519,-0.5020542243526112,0.28257995048829965,-1.5029703283951532,-0.3695269288333586,1.472670675750982,0.8890371222798921,0.3883120054234496,0.6958638390937854,0.5433908278718096,42.28073622054588
18141,1.6286155455712918,-1.0212328171307132,-0.24869112618354708,0.25373966149457344,-0.1314725956716678,-0.6039806259692295,0.5737444210044131,1.2495049007061587,1.1734422766324448,0.003147726906326633,90.75134598320362
80356,-1.3801014582148914,0.7083564472993533,1.6073455760199926,0.4676931717654332,0.8260471714415063,-0.22954865536034708,-1.276304416538336,-1.3327773974796497,-0.2725447213618092,1.229990368438683,99.36261285979333
71910,-1.7033824393551547,0.24380071377119883,0.49097495163825133,1.0857863249393471,-0.43676423723821745,-1.6394841625254342,-1.2883076174635377,-0.3494393272169559,-0.3405987069098615,0.9826831427699412,147.07320906018498
56044,-0.05554769889661878,-0.5640786307367284,0.7348777860498175,0.09798315347089544,-1.6065771007386793,-0.39247110606087293,0.2927154821418534,-0.7725687487562407,0.5001430331138838,-1.4000707231830092,21.16575953912648
67214,0.3840654489393073,-1.2803043986708944,0.6628812686674127,0.3080505395041023,1.7495839042054206,0.9965705105794472,0.1455211977682408,0.3791531187261241,-1.3569355696995753,0.5872624134641767,48.57460178054257
33827,-0.03269474809409311,0.8724573282801447,1.173473857485325,-0.3916485674217911,1.3814540786904865,-0.46649537922819795,-0.6141225650083162,1.2302221756507876,0.223153054747697,-0.20562785364324765,412.1171809915422
55820,-2.0674421000398766,0.650201177958661,0.18102155870370695,0.26912694124510733,-1.2922626951056186,0.6404797952008238,0.14098269961206,-0.5969742867210739,0.551885971822154,0.0828325705180999,368.5651532125056
62623,-0.08912003951278841,-0.09917586377938291,-1.2968319479558466,-0.3431922754974105,0.6897078052451944,-0.19050310599781134,1.5886269280435958,-2.390304367469438,0.6802302084176292,-0.7281719009698155,238.00173815833196
81734,-1.3044695005048532,1.8466369960476658,0.3996879517526416,0.6215718898560508,-0.5029747705513431,0.32405702822156063,0.6954024745502987,-0.41222074502447015,-1.936752702502465,1.7481370691208353,12.938788004064296
75450,0.6696725488300385,-1.0700847663261526,-0.651356893791829,-0.36961033604363397,0.26348721533105957,-1.1476913898156673,-1.1410085097527383,0.9134737320174066,-0.7613552698089406,1.040061819902576,69.4030009883094
22299,0.36659824609684827,-1.5255251709247388,-0.5286166817497568,0.37710039390218647,0.2942241290134937,0.08520944963390106,-0.1115088271429437,0.5376299029498797,-0.8782632528234666,-0.7397711639729673,158.31257565449798
43585,-0.9398797863273552,-0.6919080698812444,0.5863640187550933,-0.029262813684978354,-0.234407800316322,-2.9911359709007233,-0.8049664808525608,0.4281862478105761,0.09988695440921298,-1.3346106069102326,58.27690294255164
64044,-0.5138669173366935,-0.045586016355497805,1.2382830714336357,1.1260502507721681,-0.7837656655863965,-0.18689615816198485,-0.38769991640856116,-0.27999330187447974,0.48074457976798396,-0.3856726309778482,370.50457657075856
42557,-1.0592135218889516,0.24333944932269183,0.02127157673606165,-0.05139372358848624,-0.6905410523162594,-1.6304732437151401,-0.41361566562964275,-1.2790307362197864,1.4967104074459814,0.43450264609130573,160.72299614911415
49080,-0.06267909727317188,-0.24123605785632987,0.3088330125989638,-1.7730324682068814,-0.9161919154812425,1.205994516546816,-0.4776455826040052,0.5152943216244674,-0.4949654803680731,0.240205843946223,21.193454667190903
2693,0.9551423205012383,0.3520553965142968,1.702214944635238,1.2619215007139917,-0.8318222082304447,0.7774073527645112,-1.2551353719733949,-0.8342818100346248,-0.49757249830921385,1.2531328247682434,369.54357851924044
69163,-0.9857260463355437,-1.251539424190444,0.24075317948856828,-0.9057323008626189,-0.06717829004935526,0.46667098196608103,-0.12765468151819012,2.184096733380456,1.149672018878747,0.7899197221808523,484.6817918929917
25939,0.5040465155178444,1.4437646040732595,2.601683114180395,-0.6537663386488198,-0.7157599891107518,1.52100622715938,-0.56060763684731,0.570507208354516,0.2965769385303051,0.9695690257529068,22.13472901322677
48925,-0.5302576183724408,-0.0821511783925688,0.5655096456315442,-0.5956612940434921,0.6820520657126199,-0.9489165208248372,-2.929448690002268,-0.5806483025539511,1.2676515111879738,0.32685540061043733,124.00855181055844
42941,-0.7928728322623442,1.1172958315881276,-1.7607627591558177,1.3744380931708173,1.4872461553359273,1.7473631979155582,2.052972024501663,-0.6113852473886282,0.2887280030098363,-1.3892987302109903,64.22389718635631
21834,-0.10703035995455783,0.34272534637770413,0.7533416211045325,-2.1356742139786955,-0.580053241370043,0.9321915642603847,1.088769654216672,-0.09294420661358828,-1.1571166187132709,-0.19569853114690144,84.84421152671915
18047,-1.035242322419374,0.4567532191537839,0.38115838488277776,3.1377485336599937,0.23940450053537707,-0.23655528721894603,-0.37630072492499606,-0.23950192202174977,-1.3331283547778066,1.0600897399086655,39.70385278000546
26105,-0.553649305347182,0.5697672802322039,1.2897527540827456,1.0560568090660518,0.49968511030293383,1.1356201471829441,0.018819049740598424,1.1168337755299542,-1.551512249058929,-0.05152292852464606,139.4381256089964
75766,-1.1978778925888485,0.44770856001731496,0.6731813512699584,0.22323891412915967,0.4720022709192744,-1.1062935124116342,-1.1716543473175618,0.18641616974404632,0.6620518347584732,0.5030903686237468,485.4391288265623
15707,1.9647251329163893,0.6427227598675439,-0.13845598398377382,-0.05489400061628639,0.07595526791608741,-0.8245141615276735,1.6957228778108653,-0.7316317389085281,1.188596823087008,-0.3187483152461331,114.89670108415642
21976,0.03526355197172861,1.3291525301324314,-1.2242982362893657,0.28555407485765694,0.7426824183597224,-0.6085897232397004,1.8972886947731116,1.8904406851557827,1.849362141386381,-1.029811848541845,22.983199150498855
44262,-0.6997255079925856,0.19652116970147013,-0.20902325728602528,0.5211224283793383,0.4822489526806572,-0.5289777080640152,0.1566937282465246,0.04930833152022263,0.8431053323232401,-0.12334406404611045,155.13813031284062
23776,0.213979910734222,0.7090037575885123,-0.8505204542093001,0.645215585950057,-1.2376624223272978,-1.0565576427602528,1.0235306441853447,0.7688396759688968,1.1628385775349859,0.3090474430326539,72.3780057150123
30080,-0.11232804969082982,-0.08973569428722672,-0.5805234498047227,0.5556044660034485,0.8691560643892732,1.223083067095325,0.17528677893392386,-0.6082265074447593,-0.5800163326536847,-0.6556877194614437,300.61338963716986
66842,-0.22096959953322298,1.4401172154494728,0.5885784044206096,0.08958068125524882,0.8872908372667421,-0.25885440036983165,-1.3367254388759306,0.3631156277445234,-1.1564158167438567,-0.2357112448566685,95.55400915400465
61373,0.6141667000434252,-0.6763923020592697,1.6699045043514062,-0.1973384203073261,-0.7632861041785816,0.35250496835687956,-0.4118233689636573,0.3111099911431952,0.8500793324175533,-0.9394632419859826,42.13493210477922
6776,0.7575077100473051,1.8009404329108156,0.3946715298229811,-0.1512732836535117,0.03793783544760203,-0.5703513664136806,0.13192796677195706,-1.889649292096153,0.41768075223940065,1.119244917564096,41.81303950241052
55016,-0.5305011476105275,-0.04015795064434341,-1.1958830620351844,-0.194908280352681,0.6833289928110694,-1.8206033005485172,-0.4545477187434442,2.01527511046064,0.10744437434089255,-0.294455757588034,229.64758397609884
9474,-0.57581824064468,-1.4307751021180481,0.4446026682201407,1.1337700968670645,-0.20931381957936157,0.2700573583914221,-0.218653277435036,1.2906444609225471,0.3873714806329899,1.452755545126183,56.302682947308064
58053,-0.275051697151644,0.12810441491078928,1.196631486645651,0.5935567222808619,1.0729780477660118,-1.9122549754197768,-0.09139955750911445,-0.39719531614598763,0.3231854824582059,1.5287478505409084,228.65785286729536
21959,-2.301921164735585,-0.6810516574748808,-0.6097829043193822,-2.9403886346642802,2.3638724946193608,-0.06863404608546861,-0.08087849786546131,-1.1022697404558555,1.2838168598535613,-0.08104596472174376,44.5794852728336
5530,-1.5151910621985523,0.8406435489887241,-0.1340171666729177,0.655900776529761,-0.7859860326349823,-1.3683150388328105,0.05225849049748321,0.347561613803552,1.2949855848169558,-1.0084487325473497,68.22182724458109
3748,1.3668742674445247,-0.6526239793023909,0.014688194729197093,0.19473619471877485,-1.3810446031537749,1.987275999230808,-1.060605066396601,0.08669769941439658,0.544220352340347,-2.0858978777333372,103.95987631828321
13545,1.6449677135012837,-0.4461834332147797,-0.78489831308224,-0.018708756445897416,0.30381859560487573,0.9113627221747217,-0.7170161491279362,0.3556689485632294,0.8458028725629282,-1.4720370730267915,440.2218830720723
66199,-0.24903603955637832,-1.889540730945531,0.648280433843859,-0.38851845308888583,0.7215625051261435,0.10575379127148042,-1.2845842656999693,0.19157739619408962,0.5140625524247758,-1.37383482489866,412.6458575752085
34766,0.5765569630557664,-0.4523063192490767,-0.12094814860778157,1.1241127199860135,-0.23086637384476896,1.2637066776546686,0.9778155496862003,0.5062409893059261,-0.4611697320346189,1.3784696274615047,44.7655751415036
73530,0.3112501545435361,-2.4238793266289567,0.41953244390702776,0.9475264621228578,1.4532606633210343,-0.8463159774657358,-2.1056469418403245,1.4473056993918065,0.7565646749131401,0.1158245872269461,76.52623288692178
61087,3.0788808084552377,-1.5839028234857233,-0.8874921778021001,-0.7728776678236091,-1.3386057997232488,0.543479378670093,1.1535903433169254,0.5681032051286461,-1.3944950688592617,0.3896045240919878,34.27188658063186
68840,1.1195749114345768,0.7604146561442974,-0.43745830032341043,0.4070522871245351,0.6929186230316111,0.1998104337187135,1.3863493972628433,-1.0496554989099411,1.0538915522958832,-2.220421008935126,116.9979156940675
54384,-0.12791759148076653,0.7858001586508322,0.7223813578277714,-0.971656734541286,-0.6058608207588934,0.26402008133367,-0.3021805869826214,1.362562852712452,-1.194522939766035,-1.1979664292172616,102.58982789912307
51005,-0.9555404406004258,0.42545756178496474,-0.372833152091767,-1.3796181647889305,1.7193779062072967,1.2723535001067678,-2.6031370878272986,1.6406145634882874,0.28580328679473294,0.887079776446287,356.532363566201
46576,-1.6064463202575725,-0.966976143129213,1.7269638512334051,-0.6267172245899651,1.9925153531681183,0.7324921027798023,-0.3613105619672905,3.152056734512085,-0.8451539584261589,0.2867741123825862,408.90052982061496
39353,0.2034636358672231,-0.047711356141979855,-0.39963618561460235,0.8623934723827588,-0.7666565877833479,0.28872366282502326,-0.06418416128881928,-1.123494033239598,0.5533889830744267,-0.14720527868559727,82.57094119167095
62003,-0.7563507452843033,-0.0036025390905684044,0.22468472575188592,0.9531250453760867,-0.5495571359085801,-1.6548874362282961,-1.0105982199289134,0.242882013150275,-0.03392522592790888,0.5648423586001226,111.51371563224201
83211,-1.4222537095976742,-1.1583646891925428,0.9325908318730899,0.513085420097293,0.8595878869798019,-0.9600462952794637,-0.5152183938082427,-2.0820987031889873,-1.5947559581633324,1.635797806135815,349.8457885454854
52733,-0.6465728842425266,1.5033983017671506,-1.4183657329330317,0.7250957868479971,-0.3871306497895146,-0.12270893359572414,1.5301951988633513,0.5531491563792091,0.42069963101847885,-0.22104246353705057,256.5328428153979
65318,-1.081548003614395,0.8773622905756714,-1.7608088119807759,0.5161782871149584,-0.04541121793223822,0.09337237427665124,0.664927162301741,-0.5482002981667726,-0.5779207768327106,0.06936980265806943,10.549451798358229
23664,1.6871416350725648,-0.22096417382966393,-1.5256563145700948,-0.6414815952229522,0.02538842054241018,-1.1302037246739238,-0.9245641143780999,1.9234457948249533,0.8811467208133691,0.19259691873130513,67.86251185543276
67172,0.8816397569494505,0.02688583899453078,1.262584103427182,0.43192254467394064,-1.9196731561976563,2.411676675578421,-1.5975991695954321,-0.7746149700185819,0.0013256887344072295,2.3921096352739926,92.16863525238766
85616,-0.007972641316617372,0.20838280794755248,-0.5518581458924467,0.8004095252276823,-0.01383774609423725,1.5163940552535728,-0.3270173176097711,-1.6891830379672617,0.39542098538803816,-2.0993562644190256,49.149455387662954
26736,1.4799441388900259,-2.0417348684242906,2.5581992856682523,0.7542913298135743,-0.6897277740641738,0.6021183203924835,-0.21345677935043825,-0.47126374070251964,-0.9575689550152119,0.683223014788808,43.391232175368636
854,0.0773683076476183,-0.24717738252059693,-0.5642475986573886,1.188913371474643,-0.493122822399772,0.07203686128374476,0.4961991873633163,-1.9754877712171375,-0.5893322314273619,-0.11480224875906367,15.777527167621935
38623,-0.8612842013282637,-0.6819842479977986,0.18455130319703697,0.7083038472010638,1.4436320034688142,-0.21220896990115168,-0.535316712567659,0.7510994545073101,-0.4586386361010845,0.5667717261841796,164.6583517458815
7392,1.5231240772696573,-1.0016200098949155,1.5421099525678756,0.3514482075415829,-1.2565068942792563,-0.9519184600222356,0.5114995753618614,-2.0650830462563206,0.8567024802425557,-0.6573725539947244,55.675471609453254
55680,0.5389100436846587,-0.2811002928859549,2.006092888159123,1.0701502383164274,0.8132051867479773,0.07748051851886253,1.9351540400602292,0.02845758118315888,1.6773770878054892,-0.048965030858450255,18.06505986650773
46717,-1.0372461543264564,1.7976865268495226,2.061503576636398,-0.026521259249060063,-0.2789629303318085,0.2577525401427507,0.8155010224442626,-2.077811819856197,-0.8051717517428763,0.7114105794654951,49.39561081803652
50859,-0.1903386780836082,0.6408428612670098,1.2083662305931424,-0.8818746512277178,-0.2797601684958344,-1.2417605754816243,-0.048088507330772585,-0.3202978045366419,1.0768481446576803,3.112910201043841,252.858064158269
26309,-0.8756182533847572,-0.5711789897827968,1.0240625258114624,-0.16306696394376388,0.7903718960517113,0.33417641724489744,-0.18315047105329468,1.643378155804534,-2.169677417725702,0.8080361894020714,296.06462087918084
63734,-1.382799730964336,0.5725827813561586,0.5925269492011831,-0.7449026448064491,0.34005129456889044,-0.15525904882474875,-0.35667313417987123,0.36064789143579495,-1.1941894010922893,-0.8480655980305086,108.97608197795869
70467,0.9261775475316414,1.3993554365860021,0.7783610761666377,-0.6751782749743815,0.570612997219531,-1.907807557877391,1.1806409124521446,-0.863493604964934,-0.9587784561867748,-0.42375968202270325,90.69629716751594
52662,1.9094166404701305,0.9246336829127688,-0.5511857163285334,-0.14451867071551783,0.9681846605328611,-0.8603850107795019,-0.6273134459513029,-0.031203488939083975,-1.3525086894407223,-0.45341410838385404,581.5126818867017
12688,-1.3985675738191412,0.05963036992017413,-0.8181988834223072,-0.7924199209999613,-0.33130838318332273,-0.41360553342164424,0.04522270899998256,0.018016872044446585,-1.58358838978758,-1.795643172630015,43.57744375160084
25342,0.5629692366905709,-0.6469367777055739,-0.0033744574109520514,-0.3079615296390403,-0.6122367345077503,1.8876876573401904,0.05119790188108534,0.47263034584340563,0.41299891213779755,-0.3300901917014373,46.379402670198864
37157,-0.6506425691218269,0.6982233136135899,-0.17018462252492844,-1.8936146669537857,-1.085150526557798,0.5565531245337582,-0.501784192811532,-1.3668583632808264,-0.21406769772786138,0.732829081821745,61.76853997416062
67863,-0.48712538376469605,0.3934853854217496,-0.4532280493272752,0.21329370737293857,-0.8254105299789551,-1.3354815690998914,-1.3724655478841008,0.5925672738473307,0.3794053976051097,-1.2742321190767951,38.44857681046362
52083,-0.5923939242388692,0.8951932200277323,0.6963874474567153,0.0012054753622242368,2.9490944253087252,0.486036289417637,0.32297450361766816,-2.704391631602775,0.690472686121513,1.0484826510505925,81.55196430725984
65733,-0.863990769679816,0.6351718016819695,0.9553052085705107,-0.8170886310681906,1.2446795807367868,-1.5473039889383655,-0.06100397185538355,-0.6298845523638104,0.26561699317253346,0.4877748210843382,372.5887035519107
34698,0.04852162794482699,1.0495527153193351,0.08840688629184736,0.6592456684324051,-1.3510743662080213,1.0826910538870733,0.5002404694365699,-0.48827384245154465,0.6577631761503737,-0.7342333219710379,153.31237528487375
80623,-0.8309501164110378,-0.535235211560568,1.4775300810552618,0.9375701376265584,-1.3224579567435701,-0.4711246518178786,-0.5336003064391669,0.6333268260712385,-0.06953228624226938,-0.14152963733784743,89.64061472415443
22671,0.2704568257798388,1.3173940656343257,-1.141689114133505,-1.6075598643689741,0.4818660617184915,-0.09363618873917084,1.2208212988130478,0.02263085267686914,-1.1869933883057446,1.598321807641033,418.65162219439424
25184,-0.05023810944913695,0.19759960469239965,-0.19365945927971812,-0.7627247785662142,0.547264797377967,1.32579664754219,-0.8767737812118448,-1.4055630538562867,1.0578141808207961,0.7335478135058658,17.45170034210298
42107,-0.23894804686640975,2.0752608726252655,-0.7168223206028049,-0.7691423497872982,0.5488838353173644,-1.28716356858425,1.7120402840178925,-0.9849931258170151,-0.589112132781127,0.008783654898147817,45.410798038530096
86202,-0.9075636620415979,-0.6891878180895679,-1.86653661707306,-0.9399031011088647,-0.25495579355369785,-1.3971181851129912,-1.7476365098282616,0.1986800095474069,-0.9355962987624259,-0.2376833169609843,135.16811613151998
51663,-0.5767713305683327,1.7359638031652493,-0.08268068584269925,0.8294748419317485,-0.12545426000290022,-0.5835993263460049,0.43477006455689116,-0.07906734186455629,-0.17791787580439816,0.07660907045165961,153.39225411452244
15708,0.755391225825756,0.1979107834626478,-0.12174750838328353,-0.19382613877280352,0.3278795241593574,1.0383788510193166,0.47543068252662346,-0.5791241096357465,-0.912810919296513,-0.5117635579423034,16.05417550783264
49811,0.5009171876243808,-0.6514180036144483,1.513449743242131,-0.26451484131061076,0.08589300629333041,-1.5193460754768424,-0.7955570679408823,-0.48083378951197936,-0.4174303819894322,-2.1047495057190146,87.38546332217143
2811,-0.977555244798551,-0.48388583405432156,0.6308116845547775,-2.0038623644067535,-2.219300372747535,-2.832155598110569,0.4243939378610126,0.696167997159289,0.3440539215634665,2.042177910534731,167.1111696987219
56250,0.09933230542922587,-0.32034730819432017,-1.024186824329205,0.6354180302092264,-0.22979963057519381,-0.4511588584089988,1.2795186697601588,-0.5176925728692147,0.3483417392461269,0.15532499919940146,189.63428293864567
72082,0.751387123371789,0.4241659464019164,1.8540925663341883,-1.2392583948534726,-0.8514064342603136,0.5517407999109204,-2.2168188393540644,-0.08809124402907328,-0.8978300664256293,0.3981472651225371,162.4746419342444
34754,-1.6694052811213718,0.5228354880354996,1.221033695525353,0.05993263026632825,0.17521141890851205,1.2002617497388293,0.5027448074908146,2.169936588080543,-0.4877053729487446,-0.05790774987690872,67.97366427055593
11411,0.543360192379935,-0.573700003938579,0.5820977034686158,0.2773769379581917,2.98525900260341,-0.463161362085399,-2.4932708203300775,-1.423682636883923,1.0743330047702437,-0.735116800724588,24.72796723886963
2911,-0.6626237589458467,-0.02435459226098284,-0.22648409884983192,1.360658595838651,0.3674816654743044,-0.41142660711600243,-0.965664803523208,-1.8518427315746586,0.4964001177339411,-0.18592448094877073,93.55987346422185
67270,0.5705986685931593,2.1422703586118637,-0.9594392367234797,-1.308820399119112,-0.3135296861723979,1.1539007342557472,1.6291663649009451,0.7835896647986067,2.0750650393485417,-1.5993947621943112,30.67471150386182
83763,-0.7632591565425169,1.7275431701007113,-0.372206776071053,-3.0195121558208253,0.9218015019772522,-1.8697416996954206,-0.581782033392054,-0.6786430612941032,1.1801281737415277,2.2770864980533045,452.39504321459276
8680,-1.804882100664519,0.4363236696740321,1.088748619704186,0.18384954475369486,0.4826878872092127,-0.38852077518300926,-1.1738799644089726,-0.31823752774262026,1.144293068559939,-1.234511998422396,106.70237926818066
84896,-1.6275424378831627,0.03800347816820029,1.884586305934609,1.8005111815108537,0.4200944904518413,0.19042388992505774,-0.19793772898468187,-0.7811563781311142,-1.387868550455802,-1.0319662838471795,67.24599341164298
83879,0.048084946661381994,0.1200313267182613,1.543243528272189,1.2389463529394373,0.606850593215671,0.44921872128503426,2.067906338163552,-0.2598001407675125,0.7638603516334226,-0.4402592043864004,228.06016868001495
71295,0.25972250172148187,0.6135179727304166,-0.4888494217862741,0.20965941527462578,2.0565435648295414,-0.5098066931908826,-1.8316822472060261,1.5985381120963413,-0.05310680169691065,1.2880757248523775,113.35791389782752
11111,-0.9043166251044086,-1.0227925651984056,-1.1196174332890112,-0.49163618563204736,-1.1308884353259157,0.03444101170584135,-1.0513099116393445,0.8021284586181193,-0.5509818035382495,0.014508999262654136,65.66694891543837
37504,0.6385924587773739,-0.2573765374233451,0.14088624691120394,0.8071225966373103,0.47363207681145447,-2.4883273534129895,1.4974316831796264,0.8622235118869771,0.1680153405325285,-1.2361357960304624,260.6712621764832
1802,-1.6615200622689599,-1.6685840738775894,-1.7684393655628516,-0.9735461997044687,-0.9263811299815384,-0.6582484123338483,1.8577023435377324,-1.4162270557926455,0.9452115346114836,1.2543383607573395,312.7826197163371
8155,-0.06607979864731657,0.39922312260527926,0.32316771418478146,0.47635776935621926,0.5555126463422483,0.4535087125544674,-0.10343122429028392,-1.1511537365528692,0.5008315910042116,0.7310006267854814,177.67301226348877
73656,-1.2110161997624567,0.647195939702741,-0.14760258629866868,0.5054701591666269,-0.9186865114860944,-0.9822940342546795,-1.2390527025266425,-2.839078659485427,-0.87847380134206,0.5384349572164524,17.215456572812347
39384,-0.6518361078021592,-0.483186462299374,-0.46603650186824225,1.0602099074988798,-0.4173668136050844,0.058984221589597374,2.095843501809159,-0.809380821082754,0.7424589135926203,0.7157342411708404,135.31824779159172
47254,0.047398671316414016,1.5739867632900328,-1.5947030672667954,2.7596600389110777,-0.2950899142379063,0.446872500802698,1.5944423917491968,0.9567031863856584,-0.6375875420759639,2.394361900582451,226.14104006766038
21918,-0.8604133652839524,-1.2257656630023412,0.5136001065697166,0.39241596717876703,0.975816719344709,-0.34254920085776497,0.678946987762233,0.5169465157483709,0.21668311896428621,2.185094895036112,32.014730444198044
85981,-0.38455554422982535,-1.4643748802098202,-0.5327008396619114,-0.5089636257074988,0.9184544439424138,0.1704637709965709,-0.81240234893742,-0.2215132629521239,-0.3033500674771342,-0.6867153430032953,48.945993335374695
60713,1.0062928092144405,0.22445181855997204,-1.169916835710288,-0.025574312191994436,-1.2457173764463845,-0.9627325652846123,-0.049029340838036735,-0.02230028371805305,-0.2188662517356257,1.6238849928111523,331.1912930906577
30306,-0.5768918695231487,1.0470983026121545,-2.8722622132816493,-1.7690759048891183,0.054934110999848726,-0.20661127969604665,-0.16036008104483077,-0.6888855425754056,0.7662429750405095,0.3831681897589003,13.049038150636683
16646,0.8356921120651418,1.6839276914578687,-0.027514905050636255,-0.6947131310890582,-0.7095798547491726,0.6102161695892225,0.33085130461557777,0.20475888240178416,-1.040193719815898,0.4990958161377494,219.58942704008481
46843,-1.129706854657618,-0.45888426286894,1.772251596669744,-0.409282438113104,-1.2585049106753345,0.15697296096843422,1.451001438131336,0.7658782794806148,1.945195074276933,-1.6922708316433286,106.30347344127607
16371,0.5298041779152828,1.0786808334312956,1.66125921454787,-0.5240883979345925,-0.21701705042437042,-0.5865312695639355,0.8794170411374032,-1.6158867874104728,-1.8210860692944963,-0.17038576538819597,98.79780294710618
77371,1.4415686206579004,-0.03850846950070721,-0.45709625658627184,0.152354872033722,-0.3084827884558197,0.224216404290793,-1.0773760769847582,0.29964768783734813,-0.5976676832548571,-0.8128235903365649,11.068274897236106
2049,-2.4716445001272893,-0.17262729994081963,-0.6022120603617805,-0.8224199323822006,2.4267164863455224,0.714609790636618,1.3764964500195378,0.9324348709546673,0.370211889941741,0.8280588148933092,266.7191264101509
31616,-0.7968952554704768,0.8836599374866724,0.46877425607502377,1.1210306673244714,0.43295982536069616,-2.049941278577478,0.3131321400131553,-0.4151002889633696,0.5843141664353099,1.071080500402805,76.90203209390913
20932,0.57707212718054,0.6523228784134196,-0.9983854391882915,0.00020706491819709385,-1.3776175007542373,1.1590740649558977,0.6870657958589163,0.7007006121205837,-0.10047572057170515,-2.0744863510163114,126.72918880730866
29855,-0.2030453860429927,-1.5763921569842494,0.30179189981946597,-0.009300321138614417,-0.5647740041709423,-0.336254738681072,1.466540859278603,2.814654444472553,-0.057390703001542406,-0.02203486400427045,179.65514601701364
61434,0.37114587337130883,1.4765403497258958,0.7660802783846903,-0.32789471651291785,1.0213832954293984,0.42548993324023027,-1.1115802495135512,-0.10434279298689192,0.41055008532761655,1.1218615047942522,191.91650498922712
72694,-0.6039851867158206,1.3800913541474515,1.2269332238843076,0.15519068385897913,2.088442772869925,1.197246923645228,-0.035825578706462934,0.3933070500053236,-0.2310694774576803,-0.18667896231344497,478.4668808850207
43016,0.08658978747289992,-0.6255627015095294,-0.10015407647995278,0.8250982646676347,-1.5859833122379583,-1.371673697230466,-0.531454551359215,-0.7380570836613916,1.3931812579349059,0.7290636450023644,123.68164305262337
7400,-0.15567723539207948,0.39580353343740904,-0.20367375017696587,-0.8671302157109003,-1.879924385139045,-0.7094410024275466,-1.5678594253654559,0.1812511626020504,0.8393491142316022,0.35116546762708406,86.55374768916296
42642,1.1677820616598074,0.4940301862827388,-0.877982586756561,-0.6581164890752567,1.8709651753717822,-0.2885486958757048,0.3467099776049199,0.46027162498230384,0.8728243510056346,0.34166023195262635,470.9037470368602
15151,0.2544208433012131,0.2606737658239071,-0.82688035403986,-0.30372602877666466,0.38961417737090387,-0.7837535211244283,2.5115565515844236,0.19484234027013805,-0.966156723370417,-0.27131497806829746,164.12953885959215
51407,0.3376026620752022,-0.5503051538454201,-0.22647889190152676,-1.345870923473215,-0.8682927318763665,1.7349365758368085,-1.8400777445057528,-1.0196953197088567,-0.07938842440570287,-1.2165808041357096,63.105412094028814
66690,-0.4118769661224674,-0.6716233679380516,0.3673655068161781,-0.8192578597214978,0.5346290861224353,-0.8567720938267928,-0.032280611049470324,0.2063617713254507,-0.3004659487207037,-1.1215301474250274,30.28093265195628
4499,-0.48760622407249354,-0.025554070991445278,0.9135846262332494,-0.47622087354465903,-2.6357477390168778,-0.5555467794868666,0.6405429350747734,1.4621959387176369,-1.0056013756894657,0.7093525144553172,287.30138824768585
6295,-0.4325581878196209,1.1727290192593647,-0.8031789506803448,0.8743891807127275,0.003375506597160999,0.20438903160297678,0.12307820165618115,0.4486357645145273,0.36016418394576694,0.019458255518883118,77.45525200511281
59040,0.39445214237829684,0.5436001545944323,1.4926885689595217,0.26256132900192497,0.32782117284308526,-1.2021495260760888,-0.1131280525157404,0.961987189071841,-0.5376457577798165,-0.13851224460722475,172.0288224990833
12183,-0.42098448082026296,-0.37061433208610595,-0.2711236010425688,0.19358991136754436,0.9242701395378298,-0.39568071175626385,-1.2992163634458243,-0.23701197001262772,0.655403829850237,-0.42389004232235256,105.46298109867874
29299,0.2897748568964129,0.7716987106483447,-0.021367294348436157,0.8508979621679722,-1.0138959522925377,0.31745326125017514,0.23278674294016363,0.7499002394237105,-1.0701915628943317,-0.30518884548075176,43.27100051231186
12874,2.075400798645439,-2.8485426206300755,-0.7472116791478234,-0.13737178839939665,0.08568716140335904,-0.33286040438251124,-0.7567639770159263,0.27926783821652595,1.719040612841821,1.0469117944881394,148.07742520302892
32711,0.8711247034316923,1.1487657003721035,-2.4242402602729416,0.3904648499288896,-0.9254246260595873,-0.09338685889994829,-2.1899217049785533,-0.950910729687232,-0.8963326585920618,-0.33524408186802673,19.390350544978155
5539,-0.32602353216784113,-1.7397137787780996,0.8840453963610497,-0.10322175293249623,0.2553837556743171,-0.5293321124483709,1.1945922205137307,0.31852100479887446,0.21930233720043607,-1.3410647133015687,89.99710545065162
53351,1.2012139221639448,-0.36244094140313216,0.7368438970924334,0.26536234939962844,-0.8953463223630241,-1.514470309180767,0.9583858198420424,-0.9916966634403105,0.7918593103880676,0.7436517755401733,128.6520237619601
61267,-0.4080753730215514,-1.1196698946261439,-0.2813275571182134,-0.5827586576115821,-0.4081008391602206,0.32159321133923857,0.0516609768510798,-0.6328802748847919,-0.5706404302001128,-0.20487666386471723,95.91764775954387
48354,-2.038124535177854,-1.2946814757209058,0.06699071722487192,-2.438817158276429,-0.9958153947902291,1.7549330716472415,0.22907468820570256,0.18932830729237413,0.8524686434329506,0.03139586553277644,217.14956759901128
2557,-1.008086310917404,1.1608267873785194,0.5159392177040995,-0.13427916218630415,0.651136241823657,0.01840163078343813,1.0743180127155614,0.29724427338012405,-1.2291835978004162,1.6075783063995104,273.9736879812234
38360,-1.8707919210258557,-0.46770120131189136,-1.5625458568865427,1.42274813609994,0.8584511166566653,0.22526411724754952,0.2243396567780826,-1.189232465077129,1.4521176991825604,-0.020560557350507186,231.2642946751407
82018,-0.35151348404130867,0.3465038817307158,-0.5290526773462948,0.9262154022415924,-0.2346205699574138,0.6927227551168594,0.9040175547613144,1.0539857711828762,0.014149264965758293,0.28918367311872534,15.93793685146434
2200,0.0184183791895517,-0.04692057887918407,0.7942646796218271,0.9653974845911707,0.03823799496002834,-1.2693304965466992,-0.29748220087385013,0.5720062783004729,-0.5964114079688796,-1.1789234912983253,42.37469710908592
68497,1.6764373122752827,0.47704082722312147,-1.2542894231692494,1.2361307218062179,-1.4485914146335441,1.7025146581296056,1.3119837385739466,-0.7047284356108838,-0.2991817724274345,-0.21966945235096014,125.37713077414944
46975,0.32692737376416264,0.07682189106025536,0.2935579321666293,0.08865759096143744,-0.29967664800678706,0.20232879642280202,0.3207857259326839,-1.5375847964491753,0.8089192693927194,0.6095260452086012,419.59508662236044
21357,-0.21910052880886424,-1.2829922241885696,-1.356581804623405,0.1973157074055956,-0.05020461704174478,1.631856899089109,0.19405194360587402,-0.1449045790814313,-0.5844552918504382,-1.5553737338412423,280.23218050126496
77505,0.8294055811834892,0.99626681944714,0.46642998243352635,-0.6176518954343502,2.620793091029975,-0.7330329955239894,-1.270061088712032,-0.44594371386116016,-0.7493576894227776,0.20084509311570958,287.28234180532934
2869,-2.211135309007885,-0.4937565831613125,-0.03564148229748357,-0.31607285602704976,-1.1119670257741636,1.8180619225578247,0.2869558543017087,0.11314045705302281,-0.22153659758373817,0.1007910726448063,64.19029189599344
61135,0.23561455810856594,-1.556581898659751,-1.6151318159055095,0.6157711497711416,1.4641772387524374,0.7751554940347831,-0.8319549174944512,-0.3631166611555665,-1.176962112769968,0.04128745558743938,94.17261779936274
50108,0.7708651938869668,-0.4281151609659125,1.1647393544571714,1.2038844371688162,0.996858773465808,0.5530400858523584,-0.6382827265284942,-2.00745686074501,1.8205439079418155,1.0371588986582432,105.4316704558599
38467,-1.4785862457798415,1.5007597906343109,-0.7345915767980492,-0.13944627568099954,0.2806364044901364,0.23402445435314795,-0.8153756283161211,-0.3883469383011584,-0.5663945912147232,0.3344385148485215,35.68438075709895
23328,1.143754043206929,0.8502217421134929,-0.810252437014381,-0.4501892648514116,1.7586204841951334,-0.24852861807444937,-1.066234931899225,-0.30561911106831297,0.8316167861804036,1.478071898356444,14.734146911953644
3987,0.3384964074944141,-0.3486521344078592,0.20056919723094285,0.0005279588565972928,0.3721054726068629,1.2005316584738726,2.1247714030169615,0.6336610247740587,0.2094700836477726,-0.9935895155940362,450.34494340019444
58871,-0.4152879139008013,-0.3492577043184288,1.1486373494287152,0.6012067489291149,0.3891591956679287,0.14035986984804696,1.3313390619884031,-0.6981996746110497,-0.9845340504819681,0.13592456721834797,51.30623473759797
22399,0.6327818661062848,-0.3216350512173826,-1.015821818978397,-1.4438548161335418,-0.053120653017545344,-1.9670697035871523,1.9203675021442612,1.6786746733725662,-0.0059547092127293835,0.08446678638994742,51.15544240287035
46214,2.270692857804396,2.076747983560841,0.06167984984797165,-2.296180953137238,1.2235688824186275,-1.1171864617070024,-1.222895019555564,-1.911640550651757,0.784002779310748,-1.06925449375508,23.05918826082511
70271,0.18186625505849516,0.38193545223155334,0.42881650033057295,-0.5505368494915835,1.0964692338108837,-0.1858457521927473,0.07125374991089249,1.3111674978026244,-0.18826133508630655,0.9562950020913461,405.72493809310345
44064,0.24822058630033608,0.43004164719106963,0.6931056072631441,-1.2207124259141586,-0.6256772874962124,0.3099989831655551,-1.2935076252040958,-0.2243189708781048,1.193112945851028,2.324673305852818,140.03122700483235
70091,-0.4593608995402441,1.0302834540318422,0.1764415552772252,-0.5081401976473109,-1.3192471945987674,-0.05658848889989584,-0.695694877197064,0.8595848723435562,1.0215153927818639,-0.017006074483830996,174.9585215778286
40818,-0.8498443694647918,0.23878915902651351,-0.3670278390833223,-0.14778031881747153,-0.20298063739565708,1.2189707897936632,-0.9181269834165748,0.0798014840587331,0.9189148546583293,0.5050210882737669,373.84328308179556
45525,0.8303358165442456,-0.2590421458207031,-0.8275902206487197,-0.4532484090230134,-0.8000385643976464,-1.9511018640386248,1.2395840064415615,1.1395555360254692,-0.45965677227299695,0.08451847581532725,73.61009719239644
19830,-0.8560838259088672,-0.19634984908497827,0.08614388304637476,1.4524675344707454,-0.0635245746153551,0.1435879365051602,-0.39622967810175985,-0.38736196455281124,-1.079842447781487,-0.7135846699071758,155.73377835639369
17429,0.07156623721939247,-0.07160125941406395,-1.072139011985607,0.32674476460232005,1.2374381346841392,-1.8179792253871547,1.0683793336940164,-1.0986204251778122,-0.6135876053627944,-1.8207602778020162,15.935831175751591
6893,-0.4776574467651167,-0.03722223650984159,-2.9213504834946074,0.30047435961082836,-0.45730165508679,0.7597122954841684,0.604120889588518,1.4205042872710631,0.19624094066672046,-0.7057734830953651,41.011662324320085
79909,0.47897982574639186,0.7276295436369798,0.4365598041576678,0.6222071440434019,-0.04282338131157488,-0.09445871444200275,2.303638752104789,-0.11348064588214118,0.5457867135323555,-1.3919583809517313,276.89681362183063
47333,0.3336621052869483,0.05194588580729943,0.9039348410861953,-1.1388331177807691,0.058022734808395225,0.41960997202411815,-1.479444223139724,0.2215584736242106,-2.1715714047604475,1.7041020780591178,228.35847107191856
3436,1.0375399442578992,0.7326400772155792,-2.3629324355418384,1.0391117874202687,0.8484308822052846,-0.8638829605897661,1.259233239786799,1.2347519140447951,-0.00811320161175029,-0.11510969392323915,74.76582419831917
74290,-0.510016398854747,-0.08071658010858232,-1.0097307047099375,-0.07576428653545988,-2.246889333984605,1.279464931657751,1.1464408704007276,-1.031955242094435,0.15808922532318442,-0.3459193290471707,80.93572571859768
76213,-0.26987493529337125,0.07863519031609059,0.6191542610051978,0.6704806172412126,-0.6067002947652967,1.0417246640588513,-0.9733788380270346,0.5954908976392573,-0.2775442563155516,0.8891538247878059,124.39209257579155
5895,-0.9787637157823074,-1.9982006845321076,2.0574954697116987,-1.0718572330401555,0.21128369227947272,0.5835443030118876,1.0071333364731596,-0.5898947564628909,1.2912738390158789,-1.121751102855888,10.036155059714595
19738,-0.4442932600761116,0.9163276747024814,0.020793707675407894,-1.5537587660160643,1.2000789564268612,-0.12951724686344077,0.3361449630262288,-0.13216935564437185,0.4217800742508709,-0.7668640380045524,51.41132076655295
30746,0.3773004930448522,0.3464884758979927,-0.7280029412291344,0.8178896580250287,-0.49190244750620515,0.5798572852951321,-0.22747625995340778,0.07227896538428889,1.310191908080897,0.06807226924862103,45.022992646859734
49377,0.7569886166453519,0.9980101098596522,-0.18289644110484016,0.3764095260975166,-1.876552706041874,-0.7068925679873489,-0.8239354869719996,-1.500221861446936,-0.21596052035023222,1.0287689914234805,53.24893132941811
48404,-0.9221653241776254,-2.8962553781936893,1.3748764191481848,-0.9020515543575104,0.6197114459661363,0.8555556590207121,-0.7191094514491859,-0.7788370428204348,0.9374774925069249,0.5016850451687882,255.911783484426
54045,0.8696059201056602,2.0883747047807275,-0.6459641791245353,-0.8696630812746944,-0.6353623888256293,1.649480894323921,2.049812095785926,1.3510728924131392,1.6350663945275195,0.2483251425158822,59.207678877448835
39790,1.355637858804951,-0.13958962815517376,-0.7991920066502536,1.1254347844147694,-1.1896666590903613,1.0706105599791862,0.000682818957482628,0.8861911885847956,1.311693449272661,0.07811773523601635,41.8901459003696
5600,0.41343490322370086,1.1081828167375165,-0.4827435221820324,-1.1894118928673278,-0.6243453897132241,-0.7296024698074095,0.7821300015314592,-0.06263957732723487,-1.092141593428733,0.40023585552677515,115.25659964982526
40764,1.876795812558066,-1.0399059271255309,-0.9533286082587124,1.6426729532559634,-0.18452535765584954,0.3614173172731029,-0.7908993816675531,0.24312345851289308,-0.253676077542381,0.20165290512925463,311.0904998661992
74543,-0.773789199103573,0.6127739050625697,0.12267031599479553,-0.9006207346478687,-0.6047446645382127,-1.2931415437586478,-0.7798529462216388,-0.29424250563645765,-0.34516470544979644,-1.0299722747769358,51.432152594503464
45714,-1.244654703311417,-1.0534155631736561,1.6246784584695606,0.638391925608383,-2.205566057099069,0.5723903111756757,1.0819848092499422,1.356583385827982,0.4892545350763276,0.04607922163315134,22.26877492905413
56835,-1.7787202489042786,-0.6237689606958051,0.3230792731160291,-0.3286184757489846,0.8970661968871322,0.45060341286253885,-1.3495762115515322,-0.20035257779416388,0.6863535550145331,-1.0736886589177526,76.10278333978417
73744,1.496044311489183,1.9140313538667861,-0.2523535021262876,0.6031874310823431,1.2748750412787222,-1.869816339532164,-0.41521376790527154,0.23184209213484805,-0.8388926740257363,0.08108254290082371,216.5418244775712
56491,0.6543656563540577,-0.19068240076334658,-0.2918112689155441,-0.5441140021141926,0.6515219913395057,-1.1617838439123638,0.03402741107223205,1.146030144142065,0.06783851391693768,-0.4806479414882414,130.00651279032735
18589,-0.05558467091045507,0.21743287317972287,-1.563190808696657,-0.1627929060722942,-1.1376856704248166,-0.28313889674376713,0.11137260184005242,-0.7773714848459066,-2.0199273321561364,2.5393816227828614,264.57109526759035
43484,0.2799686263198203,0.8700677306887542,0.883109777147159,0.04091917539572113,-0.20149153394751798,-0.30085974714082625,-0.17909328501615626,1.558789184496894,1.44194500580189,-0.03989438375171192,491.30967201904105
82989,-1.1254890472983765,0.49568188797260465,-0.07783719701280203,-1.0021874557814727,-0.006521315229458062,-1.2094769354188053,0.3958197810959231,-1.5304614097433769,-0.5123742406766936,-1.4042395662615887,246.0110899782657
36212,2.4457519796168263,0.15041890514357642,-0.18047991359062565,0.7408243454201259,0.5987943895619102,0.38897872935218375,0.6928557558178116,1.6296421311127987,0.05586393984449697,-0.13418021067692457,148.87658735216945
43525,0.1292211819752275,0.3649610024662254,3.193107567844861,-0.5132135664715852,0.6683404887180808,0.2514736089405121,0.73463754545933,-0.3726755839519746,-0.30964971398806124,0.5193587456378881,111.98773692269347
47202,0.10939479460489289,2.403415585238275,0.29875290836568624,-0.22859991534001858,-0.7341737987784958,-0.1942691319785193,-0.9858038086678267,-0.24269874782528175,1.146027575013415,1.6733639461525236,16.13409430839508
32635,0.725766623898692,-0.05761879703358539,-0.7517910500951843,-0.9943493746085122,0.08199555641356042,-0.7557915001583629,-0.2841550979287972,-1.890010171182943,-2.837506441397379,-0.5894523999387185,633.3243207848245
63208,0.4810092317367132,0.2010990467149675,-0.4263575962055433,-2.5623336587953105,0.4572804046152411,1.0487071264165635,1.1947628618769377,-0.4547947173776929,-0.016610342325908987,-1.58242797402364,82.54995047954465
33828,0.22388402427913137,1.050654396007612,1.1484457091967548,-0.19102776260016902,1.4558223221467665,1.6554071130882952,0.8946471875738723,-1.0398065310268843,-0.10581875749769788,0.8168370114309812,34.77156993918307
18711,-0.7904744554453119,1.1055259329579838,0.11327041053776446,2.412615421612916,0.7045065398247231,-0.4835614838465371,-1.372859451481064,-0.6076463453734726,-0.4536363875916828,-1.3805987058996512,174.8108294301484
3420,0.4714683571359957,1.1870303055603801,-1.4382779783173667,0.7846042878980238,0.7890566873755189,-0.6121669171548207,0.35147990035220167,-0.1373109657888796,1.7262265456356325,-0.43615544150748503,60.17167472553655
301,1.8820244964750337,0.6387302220291846,0.9192289345752035,-0.01926037973439464,0.08382662792936094,0.4912076654119963,-1.9782252493748103,0.9577916144729056,-0.8873294588557712,-0.25762048551099404,142.20308065990076
45236,1.3454200461549777,-1.1430049127304835,-0.668144085538994,-0.2628908292082677,1.4104591452035038,-0.35802937974698623,0.04693490206036963,0.20760335140062577,0.7717961772356612,-0.06963345330010817,142.56188160807181
66235,1.593186626639397,1.633431532301096,1.8732977762175456,0.02246589281204638,0.4097627959594974,-0.13939720066323416,1.897767016745977,0.30767665340111383,0.35625278870608357,0.6891644570743356,98.51545348224846
54240,-0.5112156764311852,-1.146345393018688,1.0800480657146485,0.54711911517521,-0.8610879101735704,0.7396531517246714,-0.9478927172689863,-1.0955193888455623,1.261519252535516,-0.6836342822863877,281.2918567538772
65726,-0.9896048202585809,0.30263546523903323,-0.4473218956587512,-1.1808128153088449,1.4033699701251907,-1.9093560875072928,-0.8343230454915821,-0.8807540896027302,-0.6671890847775054,-0.2737292521667607,56.17599498447183
10492,-0.12578692009964815,-0.7542758500193579,1.281016361735113,1.114321694668872,0.6979032725390276,1.3183023248526693,0.7640297815728595,1.798725018351312,-0.732968899123759,-0.014270352949388505,99.30308337577824
6102,0.055724912288694604,-0.06413834659299254,0.0678555105274033,0.7153813154412441,-0.4430440211284823,0.07268052432934134,-1.542801515209646,-0.7352010347632466,1.0960699074773985,0.14959795751878804,125.72863322609187
50336,1.0941915184709485,0.3287624103034804,0.8527736751222195,0.7181857257079345,-0.47949296739924335,-0.4114931445621802,-0.6327550298850391,1.6562082520572956,0.4253213083301104,0.09782717470792267,173.42917597182776
85314,-1.6924646297148194,0.32135721545027307,0.48473281729447476,0.4384757388097273,0.2965755451407618,-0.08923415422144892,0.5964411375817527,-0.2430611988808665,-1.5449373466767586,0.4360057752225798,239.8519837083594
26641,1.5295503194606137,0.42192075423528475,-0.8463566549908735,0.019616657693989903,0.4631847952675847,-0.03757064497948127,-0.6342858476894031,0.0022879361435040493,-0.5393050144632704,0.8438395096417373,85.33124964662721
34584,-0.15800789857898942,1.613711269058647,-0.643549832317462,0.6728612359668199,0.19729226563120644,-1.7312013034449254,-0.23596998721097162,1.0703651602299298,0.386382653848061,0.392634115650968,165.78864776263995
32745,-0.42688106994742003,0.45353430151397983,1.0299608175811612,0.591814133741378,0.3113086734428849,1.494938227453236,0.7441857103150346,1.2718924219386565,0.8377642215465891,0.45358552350921844,34.48569343772066
23093,-1.0121043752601675,-0.24415663529064868,-0.33477533210654087,-0.3540407109410238,1.6999573745763805,0.041325632270618466,0.42154608353656126,-0.1108125602790875,-0.6792306531929551,-1.5822231667464777,414.67362606087596
66105,-1.6548566718657693,0.9640871682883573,-0.4036484632419967,-0.573601772896901,1.0715431522348857,0.4430021304473752,0.2668183962954019,-0.3882430535215389,-2.914255989816941,0.05022769916568044,82.44723547956963
51885,0.8231705839619146,1.1894704889246406,-0.955122579349353,0.1018562952619867,0.19063559126502433,0.9515497705740428,-0.33912227927003874,-0.05592044852221312,0.5232231857370332,0.4795075480016086,206.13435667443028
36631,0.07331796718840389,-1.2276078151369925,0.42359906559346105,1.5490201514951873,0.9413105807674833,-1.0211624575603002,0.37006111526895535,0.3379575282321183,-1.2203206899439758,0.7289411945704503,13.082621595304854
72991,-1.2899608997410539,0.597400069849858,2.062524919243145,-1.2391070756539009,-1.0325239035275395,0.47347189903522846,-0.12373268009975662,0.8913036868697555,-2.0173387981224113,-0.6923507742337942,44.447288787844926
4014,-1.295078772063616,0.7011727423108983,-1.0675329142542729,-1.46752526575244,0.39792704994680894,-0.26764109089879357,0.45780560992578473,0.004229858994151577,-2.832325924984141,-0.659039274888645,110.1460527808257
11093,-0.3357846992901282,-0.29756350335999193,0.02421945667275807,0.16476084123651674,1.80930634973311,0.8467707752164937,-0.49693202511797824,0.6188862980231536,0.8139808601977412,-0.5741006752835983,325.8708679110544
18070,1.669021525289393,1.3757068133116195,1.4122205554154292,0.05088770185601806,-0.21804589539237385,-2.1272274203514954,-0.18256897437954112,1.638359732270941,0.12861745040496653,0.5364138998913434,122.37991976584111
35777,-0.2595913513636048,-0.15005558703252672,-0.07964139124571515,0.1733416643704082,-0.8476339286190848,-0.099094300241269,-0.9899577925520139,0.38130961226478466,-0.22565638071225164,1.0338810549242086,408.61172403965355
56958,-1.5031429531181062,0.12557645347154225,0.4523717962497339,0.24395319790850026,-0.6520888885930607,-0.6028206557839616,-0.0350076100062359,0.3116528560047783,1.3890243629627617,-0.4074601072916016,109.18824695072797
82074,-0.24574306408594432,-0.1730718242838696,-1.0623935281468797,-0.22320225463480511,-1.0896330373423884,0.4322629506341555,-0.8110008636288448,-1.5189108250900678,0.6373246830230725,0.9079623136270489,111.13382845583567
10729,-0.2727235697476705,0.015579047581467534,0.4283070972076486,1.4898634386020821,-0.7847619081277034,0.47004418736820214,-1.1140464501619933,-2.6307301368290634,1.6163000427219165,0.12347980916459421,29.13185088383388
45017,-2.6968866429415717,-1.0962750868952018,-0.18714426500454878,-1.6009039784765156,-0.370508098590029,-0.7076258948220261,0.25866114785538813,0.38837572923016833,-1.3927354721669964,-0.12428577716243629,253.42121760472233
66320,-0.05429486651781221,-1.4400508825942944,0.985729995679863,-0.828497024780246,-1.405567019178642,-0.7121738641760436,0.21273977585766032,-0.09482423128087224,-0.034550623953963515,-0.21138422981796898,52.54661788876927
27751,-0.23093453020867796,1.5945050632249722,1.1873860515647512,-0.10325476014904739,0.015618333949603047,-0.11066536855732945,0.7828737349485725,-0.514782674914742,-1.6167133749480143,0.7466113646021572,354.8076213401419
78069,0.6962063648134184,-0.8469613483183278,2.589563642018614,-1.6431888111541673,0.9022771737866472,-0.8966422273152082,-0.43112556957509907,0.24353020418634463,-0.22938233185546722,0.3255778167870701,372.5718706951517
54748,1.8489560949453452,-0.9913923494563072,0.5796331732135757,-0.17585440443207118,-0.9077561801469204,0.8419836954521269,0.4080528468367557,-0.06040372919690829,-0.24861585376667736,2.2758254276476375,440.52391361274715
5801,1.1265650295477574,-2.153390113603715,0.32579631658216646,1.6614701657280182,1.5192839236417688,-0.36920720044744615,0.5507975722736632,1.1277802506338985,0.6266136372630708,-0.8522246429973241,120.16742140565174
19190,-0.26888869055483056,-0.6389617476895022,0.19438430157733602,0.020886488295961788,0.5107920885275947,-2.9069882193216414,0.44477380783159476,0.0861108682589779,0.04556388114189831,0.5181017020299757,179.5590029932122
49689,-1.1065259087416703,-1.3230897934074983,-0.35316629281068834,0.23070090571868349,1.0305805856240573,-0.3748220566218061,-0.8256536828021421,-0.7469232850701676,0.6234071382799156,-0.5292010098115129,236.1106578021521
50993,2.5733598032498604,1.642015160136369,0.33848384346169114,-1.2601647651725802,-0.6578345538521371,-1.0385438208439723,0.1493634822711889,0.990166238959289,0.7034401331388942,-0.8692869869886438,31.06434643612405
29592,0.05921843401448826,1.0098170893426341,-0.29540141013902943,-0.6163614080394775,0.8545252270666157,-1.6312758154609455,0.36414029605466136,-0.21713107494620248,2.154928677383142,-0.010867137034972144,147.80298807076153
10647,0.013929291912946203,-0.6881503451777238,0.1684609762696143,-0.375196380323937,-1.091933900395313,-1.2374266382225725,0.007178466907941942,0.5265366836723071,-0.3152966552861244,0.13735247940703602,15.23498181592719
8716,-0.024125087110003277,2.2524358053443088,1.3175975356079597,-0.31771509675623405,0.8902475008365087,0.10940847183297006,-2.0864776583710847,-0.47741070619280046,-0.941022700666379,2.9181735550600925,113.2436735392448
70316,0.19808476076785494,0.9817654869915943,-1.0065425652796411,1.2816437950037687,0.17183933979353122,1.3286408282482312,0.16048962397348007,-0.6498268854974364,0.24608361531640882,-0.18414581568320207,35.234874003418746
2368,-0.14436041192394247,-0.32483138350862245,1.1398785611290454,0.5576910607251245,0.5532512199847837,0.31318447386498,2.212531039397242,0.08416823018569615,-0.8022800271395435,-1.1301787294846835,40.303277605594836
77575,-0.5736620068802363,-2.499405714873573,1.3171150673398653,-1.111457956937032,-1.1755946056248516,-0.6065033882157397,-0.3600392687569827,0.01282864354368512,1.481960768436536,0.2730107174943857,78.13077866087924
6655,-0.5468589412403921,2.2909425725907417,-0.11806852699107874,0.24650477843200488,-0.8950698422766047,0.4559041951707027,-0.7280770978553212,0.479827035366833,-0.28321803894523256,-2.0746400375463683,94.96057244698584
70031,-0.03275327021599839,-1.389572466763596,-2.1218548990085946,0.49822174849678513,0.5972282182533848,-0.45909031021899177,0.3733485597113982,-0.26864575330974255,-0.5655763678739903,-0.09195678260426586,156.39513334850602
76429,-0.543424771133765,-1.6453987469568918,-0.6078219870944325,1.1401490385212665,-0.9483480042242007,-0.6946003691631446,0.3123782104665717,-1.8363597837703973,-0.4713157211511179,0.016025282295160426,21.601570944244465
55766,-0.7128457826771644,1.0225704320096403,1.2969945465611092,1.5805406865683735,0.46320629209912306,-1.1543626682329844,1.1927351654164144,-0.43277388358838864,0.718417423471641,0.7946003829452114,115.08371442380407
13403,0.10643022769189683,2.439752406339273,-0.022868062298882122,-1.0150941918278686,-1.3671378064602457,-1.7518288067517191,-1.2578681559088878,0.7938184671438157,-0.15774698323148525,0.9736222494278469,40.24861786841298
32097,-0.2549772174208553,1.3842728185105182,-0.9993022322949108,-0.8108575112103382,0.8481742126666681,-0.3899237065594453,0.7313802525749924,-0.29737607924310644,-0.6416668201303823,-0.5035696189077175,137.98864897559315
78657,1.5039929885826886,0.5639091200523596,-0.5047749212282174,-1.2575778589146163,-1.232523314768509,0.15805348992013185,0.5904220612514635,-0.24638340251454802,1.665351917623531,-0.150614014629933,162.17015510686832
10966,-2.650969808393012,0.594754341665286,0.840620026504553,-0.23401985910698136,0.5522999376795232,-0.09662367001488972,-0.1421465369405461,0.9863765059059371,-0.8561698406617501,-0.7661208306106709,132.02941276925037
52921,1.0915068519224618,0.8534155587803077,0.5467335682013793,0.4663583744463345,0.6256309336460009,-0.4159669279473586,0.33868731792169,-0.7119732272589228,0.03556607403299353,-1.128062554807694,211.0808971556235
49726,1.246085192497629,0.7589285897867651,-0.23893209916969432,0.9873345165891019,-0.6967718184295749,-0.9457460606967811,1.0294574815983573,-1.5428032182428997,0.6523061516102304,0.30989477938063453,71.33272225114237
50300,-2.0733902324081495,0.2811914239693758,-0.36682441181468756,-0.07595102364252276,0.5820265670847269,0.6082461916849685,0.8723153800284503,-0.16063111952549436,-1.6313351104170732,-1.2735855485965992,227.2935173732086
22677,-0.34268759408034877,0.10420110395187607,-0.3917581490438219,-0.31984752325484395,0.26044226333355597,-1.317131919946585,-1.1430193120737286,-0.484173951248737,0.4802605014059249,-0.41462690057186313,95.04779034514794
55609,-0.37144086599579146,-0.06259312789952241,-0.9224101844985025,0.15175799224874037,-0.5388418561927383,0.7760279138434754,0.8201581867554845,-0.966246319753254,-1.0551076754804494,-0.9951739598992374,109.30091984909777
56661,-1.4075116947178212,-0.7539645888666763,1.6153756894694418,-0.835142901630023,-1.008554684076208,-1.0022170189267248,-0.06468860503251848,-0.17537845589869072,0.8227827808340025,0.5496831862902597,166.66214196183037
31024,-0.7778166875908753,-0.28067507686677406,-0.3223204692113399,2.0895387216947734,-1.962625691672579,-0.752435237353035,0.07287409801551539,0.49150564724678364,-0.9626510119189763,1.801430099266488,12.7793485592971
70313,-1.1105758454658288,-1.6929568141953855,1.2171585208254965,-1.6076610271180587,0.3496500472996937,-1.466785190615677,0.0731969910016945,-0.009288561567815747,0.6927690318488605,-1.3015879828033312,169.19497044494895
53006,1.7522704434236227,-0.09833962679474989,1.5213160519224513,0.18474057889572446,-1.5648027713620551,-0.5014021468856367,-0.15024298879825998,0.30698107268623775,1.1058330662947127,-1.853018482897569,154.58014729603823
15338,0.9356783931474612,-0.9885911071509175,0.9983108981479604,2.0236062192296393,0.0953441994413082,0.9753124584779789,1.191707497107065,1.813407698515423,0.8614365256328049,-0.1248868853500674,65.6263204016559
68027,1.2715550949941588,-1.103589317215771,-0.4316203127180484,0.006799844559997769,-0.2634482160822491,0.5156280884439565,-0.08371795984921201,-0.3428788615575641,0.2513166482381024,0.01569779595775838,23.454949244016113
80135,0.7216720640432351,0.17989415115347845,0.40373009033660945,-0.19003903500149447,0.6791427754381955,0.9784221120280351,-1.1195461283831687,0.2783486346446696,-0.23130094292969944,0.21865930675729772,24.30087626935457
19508,-1.1290517712172292,1.3920022863445993,-0.024195606390916165,-0.3574454228104272,-0.3020454994898642,0.5221425459339358,-0.39352985596972884,-0.5092133625991345,-0.5764195763348439,-0.4463205152343449,395.0289838268844
3051,-0.5245202662797737,0.918316606002313,-0.9037018607301281,-0.18039168176240783,-0.3294477863470914,-1.1036698285303692,0.1786947168104756,-0.8463597198869729,1.471034690817104,-0.20063929882543183,185.3291364041821
48747,0.48937456122791806,-1.570500603623177,0.324359281721603,1.3728484746765302,0.7318707042882956,-0.33078922432755736,1.2292147842970504,-0.5849076534177698,-0.6994952201676432,0.3675104105406022,30.390590739748557
54021,-1.2221278088919454,-0.9896281365703375,-1.1790397911598025,-2.211861911329507,0.3350580290841175,-0.7801991291174627,0.6030946849488336,-0.47875857152168855,-1.0370660735699961,1.040430892644839,76.17701763245803
66412,0.7129984301723881,0.9407711879882159,1.1876793884615637,1.5334337012963255,0.3161559571827783,1.3305749040390402,-0.8505352787470439,0.35947579754712555,0.66536893503283,-1.9550487703182828,144.65089216227824
58335,-0.24032539815813503,-0.9824873935383096,-0.4646172972983931,-1.423957152450145,0.46926758980852623,-1.1967886464263116,2.4851899166788916,2.3490757867007575,-0.7961368031864954,-0.3689394390314622,280.7921051522659
56179,-0.3748208075495975,-0.2246331499970246,0.2011596558728393,-0.2666523292344148,-1.5355721232071058,0.8936976893891109,0.2647753109779796,-0.7160434362758403,-0.9500634974661272,0.2138087939410634,16.696412760300916
32093,0.7109599682034915,0.5500520990245519,0.28328787154614216,-0.42924442029866183,0.756788679986982,0.8929538701087693,1.2753907379990148,-0.4166253056154625,-1.443604262169765,-0.917976104610736,50.50248092423917
69678,0.44426331148603976,-0.9683444548636353,-0.25890497370407733,0.5885532697707198,0.6124687940136023,1.8296202017160872,-0.15171443357722914,-0.06312301311124825,-0.4829098394605177,1.7311696317672995,340.74934095678555
80738,-0.3609661658190799,0.1053755061459599,0.5866938014752747,-1.5981243518837476,-1.0166831285764972,-0.40968659262949736,0.5333592447054494,0.3957988487097471,-0.0827150238964932,-0.635409880228737,11.381171841097732
39734,1.159329803364248,-1.3340254949182044,-0.47490365662252443,0.46217266608194285,-0.2440804736742013,0.7123221595801621,0.8394685045184047,0.26355081195478497,0.24309172766069878,-0.041292687007282836,43.73409413198912
72615,-1.0810633275998973,-0.6013676439512137,0.8712972974572442,2.0243096232868525,-0.039307287627631186,2.2816518365388427,1.218194711754256,1.2840957939481172,0.9513062442994834,0.5560220968422908,489.2159566107437
73523,0.6159356069442637,0.31978193414253697,-1.3459796802467485,-1.3631740045928105,-0.1344967844017327,-0.6176416769336966,1.057368305378225,-2.4263920705352082,0.5268979236657937,-0.5912847888018945,152.5554232796783
17019,0.5931012579683838,-1.5929937335316693,0.12637957954641182,0.18970616761039566,0.33385996656853467,-1.5350402475323597,0.8721970000729778,-2.3869298701956727,-0.1908722195531798,-1.8465730478044171,55.50493762603967
83613,-0.3095464393139903,0.440474737960399,1.9389289990582848,-0.6619821777966091,1.4313667818311835,-1.8800100339077637,-0.3150867311941086,-0.4958781720101493,-0.19819567637971988,-0.4286545269165333,20.401079957895817
73847,0.326133022242118,-0.019637798926681216,-1.0003313246055747,0.42588720619303577,1.0817667276728287,0.7127120288613313,-0.5717460419560614,1.0973001875437087,0.5101574689151834,1.0294405559270405,14.28945193174216
82750,-1.251113576385303,0.5524899544171478,-0.6777449705248515,0.01914777741575206,-1.3122191934314063,-1.8831502080585838,0.33260751032419755,-1.5656480316055963,1.2725701629285695,-0.33689512678513855,52.104991578496
79634,0.924027019206901,0.22391413406466143,0.513907849658915,-0.6414869090443096,0.6220699903060487,-0.37231905293792283,0.9331280723410693,-3.007632339693757,0.1263141994832002,-0.8464343014589786,329.9083989474968
28251,-0.18490213644298903,1.3641404299738442,0.17958178193959795,0.487872284871074,1.3289333195354096,0.4373131870389607,-0.22272070077660705,0.5711794062192087,-0.46913085421040895,0.9256722095027217,90.65596822790226
25945,-0.5227230205190395,0.12522450264790727,0.3506300992735592,1.804348109786743,0.38680852068920263,0.18517553682991406,1.0651719657143865,0.24365722370271442,-0.9928660010855455,-0.3307748960230527,201.12354839640471
32217,1.0490092258368893,-0.429405541125253,0.4891871301476635,-0.19090379172729868,1.090980425185967,0.42544486418417227,1.4526167454861794,-1.0902084067994298,-1.4452052644122255,-0.5101608136502173,385.6777192607404
8308,-0.7043436905427592,0.12229750303228377,0.6347214685617699,0.7197579421481819,2.012270445700765,0.22228985580085406,-0.9163209190734197,-0.9855396007209299,0.6662696720435232,0.14945608966330953,88.64754906039546
5949,-1.4084612963635597,0.5432980290363879,1.1096998419562232,-1.2932729578711637,1.0237095461069814,1.2788658133133932,-0.8369207037962799,-0.9697437196346744,0.5779785236395572,0.7707502096187874,41.84489160576347
51990,-1.5566291735239037,0.04886007032570433,0.40981865692851255,-0.9564363768180087,0.24930859564172886,-0.952316380738797,-0.14037505890533644,0.11053531747394013,0.5773635251066616,2.381713531732546,119.19742276106663
1150,0.6060099513456396,0.04059169120388238,-0.24125765461854246,0.47240627788037737,1.0450884740847535,-0.6769951384585313,0.3076126681891964,-0.626315276183007,-0.1286594463520559,0.8272361076574231,368.0315136795017
74740,-1.280429352496283,-0.7019916878067554,0.6725737012027313,1.484116028535965,0.14488783309689118,-0.772659445270824,-0.524567013767051,0.49406391897551966,1.4069347458917507,1.1598399663883443,254.73290843034223
66617,1.7547941819843647,-0.6629009175509482,1.8998819348952156,0.35561334878566,0.02390304328495547,0.8301918118626102,1.3522026788671444,-2.854626662904391,-0.4841184945848177,-0.5059661989878553,20.214501518918148
16896,-2.081929407883722,-1.4026052717996935,-0.13263374638257355,-0.31305803052315434,-0.35141423571373254,0.9003985883950636,0.4240668615184512,-0.8568518651277993,0.9552692372072055,-1.0258681059694763,186.92754519769397
46175,1.6964563682900382,1.7495767431869393,-0.9745293046706415,-0.0007085945766459172,1.5634133588321082,0.4512253193185082,0.03944704824073949,-1.1260539609110503,-0.038742894989543024,0.06233134961912296,137.25890178292755
7805,0.2110174672026184,-1.243863235391285,1.1070806692869728,-1.2504077339697175,-0.8184286659420014,1.1834936668899279,-1.4359095238685275,-0.2563406783724922,-0.6083507646793376,0.10716991525959621,367.0222930194723
5237,-0.09671311187039239,-0.6929051977959073,-0.12038116395359824,0.6045153263553668,1.532367724678116,-1.1780408673763807,-1.3158158164275071,-0.5380477584901385,0.5925303073177614,-1.0785127413645972,29.59857197316626
20056,-0.5449190868089497,-0.7184072655691974,-2.172669546014036,0.8823330623234091,0.49986412374037137,1.667224111551137,0.2810092502818063,0.7978437798957666,0.4096361186839937,-0.17529452990401284,124.54707160102069
45543,0.39913611435207086,0.8949243769444413,0.8474216771504216,-0.45209033283308037,-1.3993061748019415,1.5232386217122582,-2.132595626154836,-1.8593367716600575,0.3569727592669261,0.3993176017191309,327.36939648327024
56556,-0.037634702424848364,-0.2949496782920278,-0.5353281859539227,-0.4700421477595015,0.3676492929914216,0.7356219972457467,1.0126374096440718,0.045491476330752,0.08127842205619876,0.36039339501808015,89.15095891097997
3343,1.1033018820165215,1.2477420726737338,-0.09053328230416077,0.2658782296520485,-2.100026507651624,1.78179890877106,-0.1581538443723203,0.5583364232117055,-0.037893081716830875,0.5042878533842724,108.665533816641
13500,0.11422764866203965,-0.6734906242438685,0.33198033056901455,-0.4367197360405955,0.6255080168310357,-1.6566232076777738,3.2430929695947333,1.8566474365619547,2.3883719928704386,0.29096473013744295,20.95992518385912
53222,0.1503017614618776,0.27899416222380197,0.1904996797790664,-0.06613261462582246,0.885231482988991,-0.5244481362626519,2.3079162506161106,-0.4817659710934752,1.184256645196173,-0.5070086592700558,58.8893661808403
29375,-0.36361221221385587,-0.8353470532597573,0.7094518171390395,2.0997217891665154,-0.5923559556520536,-0.7353034606819523,-0.18144906924751675,0.32445860435251705,0.7228268949855121,-0.5139006266488432,68.84679474394557
9662,-0.056945623721067457,2.1451491277733883,-0.43548637056984335,-0.24702570074599667,0.12354769595558233,0.7214793237573432,-0.10633700253131496,-1.803862792562365,0.11179915820338826,-1.198951397993876,445.3976374820523
16964,0.3078017688920592,-1.1875984190295128,0.5131057981760827,-0.3583401520212222,1.9541574337502863,-1.0501407396021456,0.9955815140020298,-2.391956204313024,1.0071572005966691,1.784775039185095,59.83234204992915
59638,-1.7101683926566256,0.3098207102270275,-0.2595466775839172,-0.6475418056351592,-0.5057467042619367,0.7574951493374855,1.7031726099180378,0.8447743757816999,0.5179947763914519,0.013450364619293007,102.66943058502244
73666,-1.348185422105713,0.6337768809320985,0.738810480887503,0.7441919714999368,-1.0589075870566005,1.3705361439967134,-1.6380290574360168,-0.005560293648070566,0.02620475277403566,-0.22485305579485193,176.8934884237244
85067,0.743264094022715,0.41379909745149823,0.6153674840130534,-0.181224173218103,1.4816634024625988,0.6952029000839993,-1.7863754653546866,1.1785126897984228,-0.30356432526591504,-0.9287920814524587,36.54340359011246
67215,0.17086543812794186,-0.1852876588777083,-0.9354387020445953,-0.649373038321426,1.9625871905307948,0.2837510236615011,-0.6220348055543814,-1.3734028889697492,-0.0809173376626882,2.9356579023277782,109.95895892409604
69042,-0.18398333635267913,-0.12982069973342616,1.0859821161750323,1.321304032273012,0.0036956718478473255,-0.9878733409007492,0.5827375831738644,0.5199021395287525,-3.1704257358780557,-1.0733280322228955,211.2205445741417
13284,0.01843393306539316,0.0438114719791096,-0.535963445114048,1.4196030045136372,1.0114630354083562,-0.8468509661253646,0.4968735905075971,1.8688178405438531,0.21060083929764178,-0.4288479256060734,312.4477178537492
72789,0.34758170536167105,-0.14700200162848862,0.8080577982811451,-0.6004235657387051,1.341475915530881,1.2496189052966666,1.0697714549838502,0.4197056083572659,-0.4884760801103597,0.4158368362860605,157.6289454603171
84664,-0.5397596803093615,0.9638791167949097,0.36728731340134063,-1.8665399513606162,-0.742484232538384,0.7793490039053323,-1.1996975283653082,0.27658150559104877,1.592669998282884,0.6002129657442777,175.86978915565425
61389,-0.7783047254023127,2.2105230015913513,1.8381836767951225,1.0075136898369221,-0.4853058353678683,-0.03901951937754412,-2.3161438629688766,0.008556080824349832,0.01934407081175429,0.957932055215684,30.249894291639066
9435,0.19584525509768155,-0.5574917850078336,-0.22346598237185214,-0.684629825760004,1.230874513154735,-0.41790954576589057,0.8580141953021454,-1.5708814571259122,-1.1889634195349619,1.8076085077692632,447.1961251578579
54340,-0.978372777615032,-1.3698029795790778,-0.3493167961181975,0.7906255991627686,1.6850142787085094,-2.025807873111377,-0.8281962729652346,1.355572935710348,-0.0498801541281177,0.5061576554607123,31.333774408025157
44078,0.40825275571447184,-0.08828204835125482,-0.01941960588773261,-1.9701038177118355,0.5628808601743548,-1.0708524186844388,-2.018487864388638,-0.6108576398050658,-1.0461210850625042,-1.0560307999666676,233.5303479586533
78832,-1.7025836042378404,2.5797093376543185,-0.30317978283427544,0.8925973382993092,-0.8798143535020543,1.9114190871397234,0.14506374595938162,0.5044832563830169,0.4734074157124664,-0.2569451251217815,56.145236297089916
51293,1.0291556373256436,-0.8036745679697308,0.7999419019420501,-1.2111719292807812,1.9870611116994412,-1.2804555710024668,0.7931756882186773,-1.5630343065712535,0.29094736433948537,0.30783237251388496,416.7932455478751
78781,0.472597482413043,1.6391168054440675,-1.616310608436588,0.7307641190665245,-0.5309708978119645,0.18947982122108065,-0.12205713212127726,-1.1794596645077804,0.9578396311082676,2.068226041505824,200.923177600071
60403,0.25602973431387566,1.6777008140764407,-1.053682419146354,0.014273067836434106,-0.33513778117145177,1.0074439731951985,-0.45784838618248924,1.4350873992222355,-0.7908817916945654,-1.397805478424297,220.25001479712313
29124,0.9826909839455139,-0.5535882417079946,-1.067802921579193,-0.9539394193966448,0.34233783448962146,-1.2549226680022925,-0.15936223214590656,-0.34730228895784293,0.0340080962281468,1.2025765052252275,47.08838466617737
43919,1.6654744444625766,0.5689830791852754,0.9503075919735757,-0.4070363129267805,1.5541604207147741,0.1847104747810833,-0.37058276240078286,1.4532754760425446,-1.3650217954266353,0.1799143695464168,97.78927194525248
35247,1.0143700650181304,1.628396623128538,1.7106133725819253,0.6863184569567008,0.8539759765522237,0.937915537510655,-1.3480471119401671,-0.07823065905851781,0.7014947819247145,0.8378305352294807,154.27686557602115
62752,-1.8408742313316453,-0.3791277409874871,-0.1044492185374715,0.10589445311523424,0.41486550036191044,0.012499321907250335,-0.7146806769904318,-1.8418977729578574,0.518871180440122,-0.10199471663593199,230.43419097809775
56573,-1.2795769667357015,-0.20358036010236177,-0.16882172319001063,0.5844129804724842,0.4632885301181062,2.8684030556667683,0.5212799050138145,0.8920675997317206,0.49580502102757085,-0.8424326301263264,26.465429147726738
59101,-0.6248185776956788,-0.5816809139486437,0.07005216311318138,1.9764405845154855,0.04351466864346608,-1.6685992588781953,0.3216785413765001,-0.5898923177556078,0.00161903135694112,0.750872779401332,501.9743828571635
26646,0.026091050210833786,-1.0147567306928669,1.1618783026081905,-1.5642416117110514,0.5581395145185063,1.0587285298838789,0.16805980596682024,0.6986888135170435,0.4147728907887909,0.6544310271056212,341.39245360688375
23049,0.517659020469123,-0.6492775450660071,-0.9273531341905741,1.617212574968624,-2.529560077694303,-0.17280173739646437,-0.9951484818533795,0.025210867540082116,1.6043391083085963,0.9720569657397219,57.2782570174147
79605,-0.7257438131534656,-1.2239402667622565,0.23836898273478513,0.10435593752321293,-0.29660745906979835,0.7719201548366751,-0.18150316213566714,-1.5431182279428703,-0.28509425704201397,-0.01330463537863531,269.53778557848256
68385,0.18676676447707832,0.03408346825922607,0.9751976297824297,-0.8987840483231282,0.241321934916781,0.44130715169924584,-2.1770650464428547,0.16429476537056906,0.1386451837100845,-0.5998220233198494,119.57251455295221
40158,-0.7553829323533225,-0.7699732310586418,0.5010941699398452,-1.3303136257389898,-1.151014083619507,-0.7331561971099966,0.17847666388538974,2.196223142152799,-1.0861262991814098,-1.5587869950238415,102.93056256968954
65417,-0.6115178029919482,0.2337859117907477,0.1895816165987434,-0.1891203907770335,0.38632331781156,0.22899639245934025,1.4288577078135674,0.4929864585144592,-0.8682609615983323,0.8193732681394064,66.6265988302838
23289,-1.4066610968482223,-1.5558956462036273,1.0010460925671412,0.9216501119244593,-0.20447122098612153,-1.8579014513982872,-1.4741321320421057,-0.05751775300546313,0.09781329309330739,0.42388948244398605,140.47140844459616
9823,-0.9232332461109043,0.33088023221445706,-2.703232292999237,-0.12754912037753421,1.75547569831549,0.6032475005713938,-0.5859276733177553,1.0753434019568977,1.1039335467019071,-0.9657826328639593,206.33840936738054
60160,-1.3516846056163336,0.8335289616089246,0.6778753195309076,1.5111549302473475,1.5730197252148563,0.29815846599052565,0.32910677871012955,0.2106684652031108,-0.25628082425157245,-0.5385736732966242,89.38227825136079
41975,-0.9758732529773327,-1.9937356425714554,-0.6540756831274238,-1.4511756900515589,-0.46580556911816284,0.6386601686431024,1.2528426344274837,0.20953423026279433,-0.23591652931212392,-0.46675881195144053,158.82163115644366
9540,1.0536417966078395,0.37405656984757213,-1.830632896856457,-0.01208894784605456,-0.15083771156669531,1.0581183250871502,-0.4482246163001494,-1.0916251721591026,-0.4068852445043747,-1.4829844319824181,190.25277402469828
16364,-0.949398888831943,1.2276689924732922,0.5112025995249807,-1.252393444413119,-0.0739475656083926,0.3676198402097109,-0.6922503292658964,0.23384802578959837,-0.5347566708443231,-0.8176823966051338,196.26252878418214
4611,2.632382064837391,-1.2096410186912054,1.3736585451629577,0.3636318826249679,-0.4516594761596227,0.1480894197982762,-1.9689231424160831,1.0354434164169448,0.29497145570882155,-1.1338303568063541,18.004752385231217
27663,0.4933179008808892,1.6725723868377034,-0.13744851462769186,0.8868873900973003,0.19502498402812674,-0.8810683366612923,0.10343812930810638,-0.8360621521000247,-1.4972576451786446,-0.4124790118879367,304.6469633443677
51991,0.1848361236948739,0.4190190093660452,0.9528745472029388,-0.42076179368105326,-0.7582820688875902,-0.712220763649051,2.042076040143744,1.4244958212469476,1.2809395766667275,-0.7386974983295628,101.94351358139544
57679,-0.8583577801812136,-0.7050118557584089,1.6122782579886454,-2.6042138566271342,-1.1306153349375263,1.186734620177331,0.2773584619646759,-0.09170602414512598,-0.6654222981294605,-1.6270049208667487,55.65631145663732
30977,0.7003098794089914,-0.05576907765770601,1.3149144535840473,0.19894814679649453,0.6227112239002686,1.4363354057059785,-0.022278979183713316,-0.8877695115385407,0.7219034854381414,2.0225902305694814,51.514189816214426
49115,-0.5756378262377739,0.5583269125217224,1.639964529371393,0.4367385517335095,0.6295295842218108,-0.23811043631205406,0.32208231076698546,0.9976320769202445,-1.2699985973938759,1.2525407310292307,108.96095536251957
60890,0.12200981464536144,0.0760053914124115,0.7421274910718922,0.40429475496169764,-0.8043157596599924,0.04600274725327412,-0.01109200394860206,-0.2867942357382693,0.6688401305462182,-0.7790194215199856,336.8316653876494
66387,2.5600845382687947,0.5387559924463692,0.0754336389015928,1.235782191822154,0.8953554307625996,-0.9046143749937661,-0.8130143722601298,0.7595148874861078,0.6719446078144975,0.27242139665360987,81.30612331476098
18071,-0.09605989972464987,-0.9206735930793662,-1.6019658118971685,-1.0710536796490489,-0.6315777291653314,1.1727568452674448,0.8232799156777053,-0.29175863225853715,0.3842020720058965,0.417465089821295,217.7796924299466
59275,1.1492733262856758,0.169360824036078,-0.24606248812994858,0.6802161054504494,0.2531652380379812,0.6654168236917787,0.2257615231117544,-0.059826143529903696,-0.9944285217997922,1.1910858547734768,25.27480072494459
72369,-0.7031764251258874,-1.4137144969049802,-0.8432465953161917,1.192507512477975,0.820344012612456,1.9412174364637491,0.017613251933657315,0.4935602043342916,0.249548189598077,-0.8186050266600786,106.95577160922882
11938,-0.0349884904969617,-0.11122606134870032,2.1709427174978138,-1.7785875840065168,-0.03361256470371301,-0.8783230771797389,-0.97536602727825,0.2908970575900059,-1.183056184734389,1.092106783982426,728.474698689815
35195,1.77080063563551,-0.9039076414647897,-0.1758858124323366,0.31965182591897723,0.4547409121411344,-0.3780078990182172,1.3035079319347591,-1.9955317804517385,-0.25276325509618536,-0.5479053042069351,230.73719116007575
4000,-0.6269670577877674,-0.7355299425897666,0.12320480678448567,-0.5041798310076715,-0.5164296438875717,0.2314459225255723,0.6647027453331099,-1.1212437400943918,1.029413100955326,-1.3358624041686133,45.45872951391905
70588,1.8124485579969287,1.2360931752104374,0.5514853760404675,-0.08152267310164589,-0.19646658342809717,0.6464895377257707,-0.552920837367302,0.9294099847908155,0.796701927070742,0.7241365593144973,114.40514374795238
38304,0.7077519354554754,1.091310120594269,0.043602446372453724,0.34767648353833636,-0.20585943088034037,-0.21566763754763232,1.0018248536819372,-0.13213658890154725,0.015182942540433121,1.2907584241224281,49.91250467462911
69449,-0.5624667758942676,0.609138120907177,1.695051040430753,-0.4872285641135523,-0.7465783465402389,-0.8729610904537004,-0.49757083838520716,-0.5237313027714218,-0.9748065759228419,2.5879089735306846,89.03332416621328
82986,0.632407739055521,-1.092312764672579,-0.622649361734452,-0.6757080791616118,-0.1767741631157821,0.8814075289235711,-0.782003492511037,-1.3585740152574743,0.6455877121741934,-1.1997252650902135,237.17645974752003
20764,0.9725544496267299,-0.3164084496948019,0.1946074552372427,0.0341524174880246,-1.5486182988637467,0.7211353625455816,-0.7597031174802871,-1.0797363212758484,0.019381237698025213,0.6989196850807888,231.2523225693422
86027,0.6218099622171964,1.2130976999791834,-0.7424705856980482,-1.0872459388628026,-0.4911537471421047,-0.9162741005637249,-1.7710685530880912,-2.0217986399619474,-2.3203155982304233,-0.40980124379353305,48.835114090108995
38494,-1.5702247198904564,0.14171691363990474,-1.3200225112207058,-1.0858251288851855,-0.28487549336967083,1.3554428011054958,0.47154238041820573,-0.10128071870153288,0.7826298263165181,0.7833587105240313,393.0870417905068
3373,-0.7271371758248686,2.319329539981694,-0.6117690909052854,0.6793732829565033,-0.2561797524953801,1.1701987091966037,-1.8311448783383502,-0.5984375805810469,-0.024232833869692147,-1.4704895512312506,144.68225199535053
12161,-0.24751863555150475,0.39331783939437187,-0.03703679704841202,-1.148794035158656,-0.24149744587077882,0.13429649724779288,-1.2284438312657626,-0.9665878909853152,1.2024512479830722,-1.262769775698564,81.68705455695918
27350,-0.07443342910004629,0.1920491164900316,-0.42930222451725997,0.6663125009092119,-0.061764199860128925,0.07959786237603639,-2.0755880090785332,-0.0681234251679531,-1.0952705188428047,-0.7758748231664838,114.55387816922598
25351,0.620672097550678,-0.3091164642025014,-0.692420979873856,0.4625912928539512,0.4794415180860639,0.5540577711159071,-0.08606969279089306,0.3639706308527381,-3.1767038131960006,0.07896404566808451,149.35748782044288
15305,0.17770100093325383,0.1335409047822823,-1.4063174636718339,-1.7258067287905967,0.8745170741325226,-0.8617030702562581,-0.15032046027187207,2.0931979322099448,0.2790838583451852,-0.6410812665383554,133.10976876304971
75353,-1.3353443587101013,-0.1524698363805439,-0.08310557262869477,-0.6775646523356551,-0.6497652268482671,0.03003147916408217,-0.32669621318636405,-1.5118834195632136,0.29156367668197275,0.6590543439134197,109.9480496570979
76797,0.3801978510059632,0.7081086766885905,-1.5047203740310022,1.1941094030473725,-1.2032008553891445,-2.1523835446091804,-1.0425776946705763,1.159381043300522,-1.690671627606452,1.0268946182579144,115.45926644683118
65953,0.6105857452838231,0.9567023167945841,0.7600559636896026,-0.9811655311396816,-1.042044412243103,0.8764556455029355,-1.17223375343664,0.973101561015072,-0.9784995458666064,0.5995775412453558,39.112714803392905
57458,0.5597904479310398,-0.7859894605079495,0.08243975293450329,-0.46440426230938764,-0.48720292119492714,-1.5614932224418594,0.46436986354657417,-0.7790927393767005,2.7552177437199017,1.618787639660868,261.28290429683193
20358,1.0807807255546218,-1.331232953557778,-1.4575514994649306,0.4620608932518965,-0.3519213178165091,1.503419828428999,-0.5505519317084877,0.20323595458603103,-0.30561061415380336,0.415826629455343,127.05443692681857
3267,0.8339221545489041,-1.8362053731032966,-0.30920907704986345,0.7833905092825955,-0.7699960661974573,-0.3301200939664503,0.31635832153614474,-0.45763324933761523,0.7309589763762161,-1.216896710340167,31.075608795360033
82745,0.4591800792284367,0.5079913269125437,-0.7521564055905832,-0.2515388860444957,-1.2961166642498945,-0.2116669819311769,-0.8852486861242225,0.18568858041873892,-0.6506598273683837,1.3633765135383398,227.96586450736754
38513,-0.07016571145864703,-1.1033666061738736,0.31917451041918043,-0.5975101946916416,-0.4561208274741882,-0.6277339060845056,0.18106274277108234,1.5091310134045506,-2.0903028988531567,-0.6051562356059974,414.2197113034764
26092,-1.6609609335159914,-2.152890592952483,1.3404504460231446,1.4223698616985077,0.18142662011397137,-0.2880388739220764,1.3032780373160637,0.605606232631313,-0.1702582467959055,0.91041849968557,451.49061209760276
11338,0.42961821913258585,0.3885786045309641,-1.8751724696457446,1.7388996637975789,0.5950294658355647,1.4185313451480366,0.5861658003927833,0.508608373233442,-0.2656045602861052,1.5737342165551063,79.07162783705844
412,0.20768768716311115,2.4929995174327906,0.11502607914741717,0.9788580507817954,-0.5574230531083212,-2.4878086565350794,-0.4124138182164804,-0.4303093199546424,-0.39987823866837147,0.45668801073039916,31.843523850726417
7543,0.27157883719537346,-0.006070911539893324,-0.1601327955666404,0.08531814256502405,-0.41299782214343406,1.2769653860881878,0.25719897035592737,-1.4840566649243352,-0.11464083550639245,-1.4961588131646497,119.59609145863858
33496,-1.2767485758203094,0.8384907744516419,0.6713400764504657,-0.8082657216409264,-0.9266983088473107,0.33802348110170816,-0.24066517453021302,-0.2084682105404079,0.26426827164563654,-0.9182121665097915,27.92047607950312
60692,-1.0810565404082624,0.08182935854756501,0.21319662823768915,-0.8304444065565653,-0.03143917037477642,-1.2070216478572156,0.007880184694728152,1.2066081548639151,-0.15011695125380659,1.3227444668851356,417.6864889789488
44425,1.0531528533329035,-0.09888965319114267,-0.7519693317388191,0.5225141052657575,-0.8484286341908146,-1.0753123930492379,-0.3256110521485036,-1.5271678565896476,-1.2640061679473638,-0.16912268564281638,40.42388411706027
38756,-0.03955515385665504,0.9190764829877686,-0.31905393566661816,0.4183982208886837,0.5731278132412001,1.676393027208203,-0.1643352058853912,-1.055089368176695,0.4861847915619389,0.07957353494216583,53.70650537016592
18888,0.6815006973726244,-0.29027454418865134,-0.796025856803489,1.4015985929464294,-1.7858664919341112,-0.9455068799427312,0.21209335307417523,0.12626773623406817,-1.9493717553224232,0.7588244161636093,88.29221924040671
35735,0.028318376130461172,0.26739231407190295,1.0760071385985983,0.6504500925361392,-0.3596296724524624,-1.1533505105959594,-0.9933586995819507,-0.9846547848472624,-2.0503574572842003,0.6963228620803235,82.47292784421823
47295,0.02975613949574519,0.3216978061960136,0.02131164867194222,-1.503080301759818,0.3011073391917421,1.1373145423647293,-1.0158788269899783,-0.7925234471152126,0.7391804947015679,0.2787998123854607,247.465333465982
83042,0.9382838059759977,-0.6680904536430488,1.9011906857530074,1.0519476177229186,0.18383451632250436,0.33855287628591424,-1.388542553831211,-0.4235985817281771,0.5070202721353568,-0.20866837122046583,101.40828887503352
85999,-0.5160447282173739,0.9920423495365228,-0.060660813814620775,-0.9980606273144129,2.6930336639804966,-0.9379255765363989,-1.60027110450371,-1.3656174041901494,-0.05739536507403601,-0.3126684457323573,38.08834319484079
17955,0.09612077694098337,-0.17495975669540864,-0.7084067669104628,-0.3839712719523516,0.34980002456790754,0.216624975404619,-1.2172826922204794,-0.9741218462163683,-1.395448504755072,0.857898825291343,56.634395406832894
37841,-0.4622752887050425,-0.7557451594928447,-1.5137143926128271,0.2502002062516945,-1.0040545968420103,-1.0257526836402773,0.15946250680412918,0.7034279167873088,-0.7079109406740753,0.5535695310677933,116.73131573763087
70640,-0.4344962274323156,0.5365098435704035,-1.803139676255945,1.9956674897839644,-0.09546424708907303,1.1008213984226052,-0.8927875154918841,-1.307369782230964,-0.262746747686504,-0.2573000006177896,33.92920232204608
65510,-0.30917212346863937,-0.8984679817910373,-1.5841359430054898,3.109918556005361,-1.7762463334664518,1.0613709648731335,0.5136144642310962,-1.5978721344948377,-1.5958939685741134,1.0821123129931407,151.8794348490243
34911,0.22213377163371284,0.028181157369128247,0.2671266510114834,0.6067230591361827,-0.08059974929676088,0.5320061988219431,0.03471374875256186,-0.6300249795338944,-0.7390286580232329,-0.12903411512978377,135.11930070245413
59031,-0.4787486216634773,-0.009118996644203544,0.5087250232299338,-0.18319661872038787,-0.8330560570007587,0.3616610612470166,-1.9685042134380537,0.7319555025098458,0.6523303381766798,-0.8516621743343933,198.13332098593827
7357,1.2557561255735208,1.085895565831578,-1.5811907020321334,0.5345056484805503,0.9153902755601617,1.7611881248673737,0.6549755842216898,-0.19692180799688955,1.4273053642892164,-0.7589706989033448,426.38019086034075
32479,-0.8946073022195039,0.4746982328799528,0.8950383140761154,0.8876554258738361,-0.5495402745955349,-0.0003136726117747121,0.8107986455917099,-0.46458107811561833,-0.4194347526585506,-0.978740836309766,374.99730945217476
